Timestamp,Luftfeuchtigkeit,Kabel Thermometer,,Temperatur Sensor 2,Luftdruck relativ,Luftdruck absolut,lux,RSSI,,,Ausensensor
04.12.2023 07:41:17,"83,2","-3,44",,"-2,24","976,01","1010,14",0,-53,,,
04.12.2023 08:09:33,"83,5","-3,31",,"-2,2","975,72","1009,83","7,13",-53,,,
04.12.2023 08:37:46,"82,8","-3,06",,"-1,8","975,91","1010,03",20,-53,,,
04.12.2023 09:06:03,"82,1","-2,19",,"-0,95","975,51","1009,62","286,67",-53,,,
04.12.2023 09:34:26,"80,4","-1,69",,"-0,08","975,24","1009,35",270,-53,,,
04.12.2023 10:02:38,77,-2,,"-0,19","975,34","1009,45","121,67",-55,,,
04.12.2023 10:30:50,"78,1","-1,63",,"-0,08","975,45","1009,56",145,-54,,,
04.12.2023 10:59:07,"77,7","-1,38",,"0,22","975,06","1009,16","143,33",-55,,,
04.12.2023 11:27:18,"79,7","-1,06",,"0,22","974,42","1008,49",175,-54,,,
04.12.2023 11:55:34,82,"-0,75",,"0,5","973,95","1008,01",225,-54,,,
04.12.2023 12:23:49,"82,9","-0,44",,"0,64","973,5","1007,54",190,-52,,,
04.12.2023 12:52:02,"84,9","-0,31",,"0,61","972,87","1006,89","203,33",-55,,,
04.12.2023 13:20:21,"86,6","0,19",,"1,29","972,28","1006,28","333,33",-53,,,
04.12.2023 13:48:34,"87,2","0,5",,"1,63","971,73","1005,71","176,67",-54,,,
04.12.2023 14:16:46,"87,1","0,31",,"1,47","971,36","1005,32","123,33",-53,,,
04.12.2023 14:44:56,"88,1","-0,25",,"0,82","970,9","1004,85","83,33",-53,,,
04.12.2023 15:13:14,89,0,,"1,36","970,42","1004,35","76,67",-58,,,
04.12.2023 15:41:29,"88,3","0,13",,"1,38","969,89","1003,81",50,-55,,,
04.12.2023 16:09:43,"88,7","0,5",,"1,47","969,74","1003,65","16,67",-55,,,
04.12.2023 16:37:58,"89,8","0,81",,"1,81","969,41","1003,31","5,89",-50,,,
04.12.2023 17:06:14,"90,3","0,81",,"1,94","969,21","1003,1",0,-50,,,
04.12.2023 17:34:28,"89,7","0,81",,"2,32","969,13","1003,01",0,-50,,,
04.12.2023 18:02:43,89,"0,88",,"2,24","968,75","1002,63",0,-51,,,
04.12.2023 18:30:53,"89,6","0,81",,"2,04","968,31","1002,17",0,-47,,,
04.12.2023 18:59:07,"90,1","1,06",,"2,43","968,03","1001,88",0,-52,,,
04.12.2023 19:27:23,"90,4","1,44",,"2,69","967,71","1001,54",0,-51,,,
04.12.2023 19:55:40,90,"1,38",,"2,81","967,61","1001,45",0,-51,,,
04.12.2023 20:23:50,"89,8","1,75",,"2,89","967,32","1001,15",0,-53,,,
04.12.2023 20:52:06,"89,8","1,81",,"3,07","967,1","1000,92",0,-49,,,
04.12.2023 21:20:17,"89,3",2,,"2,86","966,84","1000,65",0,-51,,,
04.12.2023 21:48:33,"90,6","2,25",,"3,27","966,62","1000,43",0,-51,,,
04.12.2023 22:16:45,"90,4","2,44",,"3,21","966,42","1000,22",0,-50,,,
04.12.2023 22:45:03,"90,9","2,56",,"3,55","966,15","999,94",0,-51,,,
04.12.2023 23:13:12,"89,8","2,44",,"3,41","965,96","999,74",0,-49,,,
04.12.2023 23:41:29,"90,3","2,5",,"3,32",966,"999,78",0,-50,,,
05.12.2023 00:09:42,"91,1","2,56",,"3,62","965,81","999,58",0,-51,,,
05.12.2023 00:37:54,"91,3","2,88",,"3,97","965,9","999,67",0,-52,,,
05.12.2023 01:06:28,"91,2","3,13",,"4,1","965,67","999,44",0,-53,,,
05.12.2023 01:34:19,"91,5","3,69",,"4,34","965,73","999,5",0,-51,,,
05.12.2023 02:02:37,"92,4","4,25",,"4,83","965,71","999,48",0,-49,,,
05.12.2023 02:30:55,"92,1","4,31",,"4,93","965,8","999,57",0,-46,,,
05.12.2023 02:59:09,"92,1","4,5",,"4,96","965,73","999,5",0,-51,,,
05.12.2023 03:27:24,"91,9","4,44",,"5,08","965,72","999,49",0,-52,,,
05.12.2023 03:55:39,"91,6","4,75",,"5,24","965,84","999,61",0,-51,,,
05.12.2023 04:23:56,"91,1","4,88",,"5,4","965,79","999,56",0,-53,,,
05.12.2023 04:52:14,"91,1","4,88",,"5,42","965,87","999,65",0,-57,,,
05.12.2023 05:20:30,91,"4,94",,"5,46","966,17","999,96",0,-57,,,
05.12.2023 05:48:48,"91,5","5,06",,"5,54","966,23","1000,02",0,-55,,,
05.12.2023 06:17:00,"91,6","5,06",,"5,66","966,26","1000,05",0,-55,,,
05.12.2023 06:45:16,"91,5","5,06",,"5,56","966,38","1000,17",0,-56,,,
05.12.2023 07:13:29,"91,5","5,06",,"5,67","966,47","1000,26",0,-56,,,
05.12.2023 07:41:44,"91,7","5,19",,"5,74","966,58","1000,38",0,-54,,,
05.12.2023 08:09:56,"90,8",5,,"5,57","966,8","1000,61","4,87",-56,,,
05.12.2023 08:38:13,"91,6","5,25",,"5,75","967,06","1000,88","61,67",-55,,,
05.12.2023 09:06:27,"90,7","5,75",,"6,3","967,29","1001,11","403,33",-54,,,
05.12.2023 09:34:45,"89,4",6,,"6,84","967,14","1000,96","1173,33",-51,,,
05.12.2023 10:03:08,"86,5","6,06",,"6,68","967,17","1000,99","573,33",-55,,,
05.12.2023 10:32:07,"86,5","8,25",,"10,75","967,3","1001,12","1448,33",-55,,,
05.12.2023 10:59:58,"76,6","6,31",,"7,28","967,87","1001,71",485,-56,,,
05.12.2023 11:28:05,"84,6","5,56",,"6,43","967,94","1001,79","141,67",-56,,,
05.12.2023 11:56:18,"87,7","5,5",,"6,22","967,89","1001,74","146,67",-56,,,
05.12.2023 12:24:34,"87,2","5,94",,"6,75","967,85","1001,7","616,67",-57,,,
05.12.2023 12:52:42,"85,8","5,5",,"6,14","967,8","1001,64",230,-55,,,
05.12.2023 13:20:56,"86,2","5,06",,"5,79","968,09","1001,94",110,-55,,,
05.12.2023 13:49:08,"86,3","4,56",,"5,4","968,25","1002,11",100,-56,,,
05.12.2023 14:17:17,"87,7","4,31",,"5,07","968,35","1002,21","113,33",-55,,,
05.12.2023 14:45:33,"88,6","4,13",,"5,03","968,44","1002,3",95,-55,,,
05.12.2023 15:13:46,"89,7","4,06",,"4,78","968,59","1002,46","73,33",-52,,,
05.12.2023 15:41:55,"89,4","3,75",,"4,53","968,79","1002,66","23,33",-56,,,
05.12.2023 16:10:09,"89,3","3,63",,"4,34","968,95","1002,83","8,33",-56,,,
05.12.2023 16:38:19,"90,2","3,38",,"4,17","969,3","1003,19","1,81",-56,,,
05.12.2023 17:06:32,"90,3","3,13",,"3,84","969,35","1003,24",0,-58,,,
05.12.2023 17:34:45,"90,4",3,,"3,66","969,51","1003,41",0,-57,,,
05.12.2023 18:03:02,"90,9",3,,"3,76","969,75","1003,66",0,-58,,,
05.12.2023 18:31:16,"91,4","2,88",,"3,63","969,81","1003,73",0,-58,,,
05.12.2023 18:59:36,"91,3","2,88",,"3,66","969,99","1003,91",0,-58,,,
05.12.2023 19:27:43,"91,4",3,,"3,61","970,21","1004,14",0,-60,,,
05.12.2023 19:55:59,92,3,,"3,72","970,48","1004,41",0,-59,,,
05.12.2023 20:24:14,"92,1","3,06",,"3,85","970,61","1004,55",0,-58,,,
05.12.2023 20:52:27,"92,3","3,19",,"3,97","970,72","1004,67",0,-59,,,
05.12.2023 21:20:42,"92,4","3,31",,"4,12","970,98","1004,94",0,-58,,,
05.12.2023 21:48:53,"92,7","3,5",,"4,35","971,09","1005,05",0,-58,,,
05.12.2023 22:17:09,"93,1","3,75",,"4,49","971,29","1005,26",0,-57,,,
05.12.2023 22:45:22,"93,3",4,,"4,78","971,46","1005,43",0,-56,,,
05.12.2023 23:13:36,"93,5","4,06",,"4,87","971,76","1005,74",0,-58,,,
05.12.2023 23:41:50,"93,4","4,19",,"4,92","972,08","1006,07",0,-57,,,
06.12.2023 00:10:04,"93,4","4,25",,"5,19","972,31","1006,31",0,-58,,,
06.12.2023 00:38:18,"93,3","4,31",,"5,19","972,36","1006,37",0,-57,,,
06.12.2023 01:06:41,"93,1","4,25",,"5,09","972,4","1006,4",0,-57,,,
06.12.2023 01:34:39,"93,2","4,25",,"5,06","972,38","1006,38",0,-57,,,
06.12.2023 02:02:55,"93,4","4,25",,"5,11","972,65","1006,66",0,-57,,,
06.12.2023 02:31:11,"93,2","4,31",,"5,16","972,68","1006,7",0,-50,,,
06.12.2023 02:59:28,"93,4","4,38",,"5,2","973,02","1007,04",0,-58,,,
06.12.2023 03:27:46,"93,6","4,31",,"5,35","972,97",1007,0,-57,,,
06.12.2023 03:56:00,"93,6","4,38",,"5,3","973,08","1007,11",0,-57,,,
06.12.2023 04:24:15,"93,6","4,44",,"5,38","973,22","1007,26",0,-56,,,
06.12.2023 04:52:30,"93,4","4,5",,"5,25","973,22","1007,25",0,-57,,,
06.12.2023 05:20:46,"93,3","4,31",,"5,15","973,44","1007,48",0,-56,,,
06.12.2023 05:48:54,"93,1","3,94",,"4,77","973,73","1007,78",0,-58,,,
06.12.2023 06:17:08,"92,9","3,75",,"4,52","973,98","1008,04",0,-57,,,
06.12.2023 06:45:19,"92,1","3,31",,"4,24","974,47","1008,54",0,-57,,,
06.12.2023 07:13:32,"91,4","2,94",,"3,87","974,77","1008,86",0,-57,,,
06.12.2023 07:41:45,"90,7","2,69",,"4,02","975,12","1009,22",0,-55,,,
06.12.2023 08:09:59,"90,5","2,69",,"4,33","975,56","1009,68","3,96",-56,,,
06.12.2023 08:38:15,"89,7","2,69",,"4,17","975,94","1010,06","6,67",-55,,,
06.12.2023 09:06:27,"89,6","2,81",,"4,47","976,35","1010,49","51,67",-55,,,
06.12.2023 09:34:44,"89,5",3,,"4,68","976,53","1010,68",50,-57,,,
06.12.2023 10:03:00,"89,3","3,25",,"4,94","976,82","1010,98",80,-57,,,
06.12.2023 10:31:16,"88,5","3,19",,"4,71","977,16","1011,33","38,33",-56,,,
06.12.2023 10:59:33,"88,1","3,56",,"4,93","977,39","1011,57","146,67",-56,,,
06.12.2023 11:27:51,"87,5","3,88",,"5,41","977,63","1011,81","161,67",-54,,,
06.12.2023 11:56:02,"87,1","3,75",,"5,2","977,65","1011,84","101,67",-49,,,
06.12.2023 12:24:19,"87,1","3,81",,"5,35","977,7","1011,89","103,33",-54,,,
06.12.2023 12:52:33,"86,6","4,06",,"5,42","977,53","1011,71","153,33",-55,,,
06.12.2023 13:20:51,"86,7","4,38",,"5,81","977,86","1012,06","173,33",-54,,,
06.12.2023 13:49:11,"85,9","4,13",,"5,69","978,05","1012,25","76,67",-54,,,
06.12.2023 14:17:21,"86,4","4,06",,"5,26","978,14","1012,35","118,33",-54,,,
06.12.2023 14:45:34,"87,5",4,,"5,19","978,27","1012,47",110,-55,,,
06.12.2023 15:13:47,"87,5","3,63",,"5,29","978,46","1012,68",115,-55,,,
06.12.2023 15:42:01,"86,1","3,56",,"5,28","978,77",1013,"31,67",-57,,,
06.12.2023 16:10:18,"86,4","3,38",,"5,35","978,98","1013,22","8,33",-53,,,
06.12.2023 16:38:29,"86,2","3,31",,"4,87","979,49","1013,75","5,32",-55,,,
06.12.2023 17:06:42,"86,3","3,25",,"4,63","979,98","1014,25",0,-56,,,
06.12.2023 17:34:58,86,"3,13",,"4,92","980,34","1014,62",0,-50,,,
06.12.2023 18:03:12,"85,3","2,81",,"4,87","980,68","1014,98",0,-54,,,
06.12.2023 18:31:28,"85,4","2,81",,"4,61","981,12","1015,43",0,-54,,,
06.12.2023 18:59:43,"84,9","2,75",,"4,72","981,48","1015,8",0,-54,,,
06.12.2023 19:27:57,"85,5","2,75",,"4,72","981,64","1015,96",0,-55,,,
06.12.2023 19:56:13,"85,1","2,94",,"4,68","981,6","1015,92",0,-53,,,
06.12.2023 20:24:28,"85,2","3,13",,"4,68","981,81","1016,14",0,-55,,,
06.12.2023 20:52:43,"84,7","2,31",,"4,24","981,91","1016,25",0,-54,,,
06.12.2023 21:20:52,"85,4","1,5",,"3,66","981,91","1016,25",0,-55,,,
06.12.2023 21:49:09,"86,7","1,13",,"3,33","981,97","1016,31",0,-49,,,
06.12.2023 22:17:19,"86,4","0,81",,"3,03","982,26","1016,6",0,-48,,,
06.12.2023 22:45:35,87,"0,63",,"2,77","982,42","1016,78",0,-52,,,
06.12.2023 23:13:46,"88,1","0,63",,"2,59","982,48","1016,84",0,-52,,,
06.12.2023 23:41:59,"87,7","-0,06",,"2,29","982,62","1016,98",0,-51,,,
07.12.2023 00:10:12,"87,2","0,5",,"2,27","982,82","1017,19",0,-52,,,
07.12.2023 00:38:19,"88,9","-0,31",,"1,75","983,08","1017,46",0,-53,,,
07.12.2023 01:06:35,"88,9","0,38",,"1,96","983,13","1017,51",0,-52,,,
07.12.2023 01:34:49,"89,8",0,,"1,82","983,19","1017,57",0,-51,,,
07.12.2023 02:03:07,"89,4","0,19",,"2,08","983,34","1017,73",0,-50,,,
07.12.2023 02:31:21,"89,7",1,,"2,55","983,54","1017,93",0,-52,,,
07.12.2023 02:59:36,90,"0,38",,"2,29","983,48","1017,87",0,-52,,,
07.12.2023 03:27:50,89,"0,63",,"2,5","983,7","1018,09",0,-51,,,
07.12.2023 03:56:07,"89,4","0,75",,"2,59","983,55","1017,94",0,-51,,,
07.12.2023 04:24:21,"89,3","0,88",,"2,72","983,67","1018,07",0,-52,,,
07.12.2023 04:52:33,"89,2","0,94",,"2,67","983,72","1018,12",0,-52,,,
07.12.2023 05:20:46,"89,2","0,94",,"2,67","983,79","1018,19",0,-53,,,
07.12.2023 05:49:02,"89,8",1,,"2,73","983,94","1018,35",0,-54,,,
07.12.2023 06:17:17,"89,3","0,81",,"2,53","983,71","1018,11",0,-53,,,
07.12.2023 06:45:32,"89,6","0,56",,"2,28","984,09","1018,5",0,-53,,,
07.12.2023 07:13:45,"89,6","0,31",,"2,04","984,02","1018,43",0,-53,,,
07.12.2023 07:41:58,"90,4",0,,"1,48","983,74","1018,14",0,-54,,,
07.12.2023 08:10:11,"91,3","0,31",,"1,85","984,4","1018,82","10,64",-55,,,
07.12.2023 08:38:25,"91,3","0,25",,"2,13","984,25","1018,67",20,-54,,,
07.12.2023 09:06:42,"90,3",0,,"1,65","984,02","1018,43",65,-54,,,
07.12.2023 09:34:54,"91,1","0,13",,"1,61","983,7","1018,09","151,67",-53,,,
07.12.2023 10:03:06,"91,2","0,19",,"1,79","983,51","1017,9","128,33",-54,,,
07.12.2023 10:31:23,"90,7","0,44",,"2,26","983,61","1018,01","331,67",-54,,,
07.12.2023 10:59:41,"89,4",1,,"2,88","983,59","1017,98","316,67",-54,,,
07.12.2023 11:27:53,87,"0,88",,"2,72","983,35","1017,74","298,33",-54,,,
07.12.2023 11:56:15,"86,5","2,06",,"3,81","982,59","1016,95",585,-54,,,
07.12.2023 12:24:32,"84,2",2,,"3,77","982,29","1016,64","448,33",-54,,,
07.12.2023 12:53:02,"83,7","5,13",,"9,08","981,01","1015,32","2686,67",-54,,,
07.12.2023 13:20:54,"72,7","3,81",,"5,58","981,2","1015,51","1091,67",-53,,,
07.12.2023 13:49:05,"79,9",3,,"4,66","981,15","1015,46","558,33",-56,,,
07.12.2023 14:17:19,"82,4","2,94",,"4,67","980,98","1015,28",620,-48,,,
07.12.2023 14:45:35,"82,8","2,63",,"4,29","980,91","1015,21","353,33",-49,,,
07.12.2023 15:13:47,84,"1,69",,"3,09","980,24","1014,51",215,-48,,,
07.12.2023 15:41:53,"86,8","1,5",,"2,64","979,73","1013,99","141,67",-49,,,
07.12.2023 16:10:08,"88,6","1,19",,"2,24","979,61","1013,86","33,33",-48,,,
07.12.2023 16:38:22,"88,9","0,88",,2,"979,23","1013,47","6,45",-53,,,
07.12.2023 17:06:30,"89,5","1,06",,"1,88","979,03","1013,27",0,-54,,,
07.12.2023 17:34:46,"90,4",1,,"1,96","978,96","1013,2",0,-54,,,
07.12.2023 18:02:56,"90,6","0,81",,"1,82","978,61","1012,83",0,-52,,,
07.12.2023 18:31:08,"91,4","0,56",,"1,54","978,14","1012,34",0,-56,,,
07.12.2023 18:59:25,92,"0,38",,"1,54","978,02","1012,22",0,-57,,,
07.12.2023 19:27:33,"92,3","0,13",,"1,23","977,61","1011,79",0,-55,,,
07.12.2023 19:55:47,"92,6","0,31",,"1,31","977,51","1011,69",0,-57,,,
07.12.2023 20:24:04,"92,5","0,5",,"1,9","977,34","1011,51",0,-55,,,
07.12.2023 20:52:20,91,"0,06",,"1,93","977,01","1011,17",0,-56,,,
07.12.2023 21:20:32,"89,7","0,31",,"1,9","976,41","1010,55",0,-54,,,
07.12.2023 21:48:46,"90,1","0,56",,"1,97","976,11","1010,24",0,-57,,,
07.12.2023 22:17:00,"87,9","0,81",,"1,82","975,34","1009,45",0,-51,,,
07.12.2023 22:45:15,"84,3",1,,"2,25","974,79","1008,88",0,-51,,,
07.12.2023 23:13:28,"83,6",1,,"2,46","974,3","1008,37",0,-55,,,
07.12.2023 23:41:42,"82,2","1,19",,"2,51","974,3","1008,37",0,-55,,,
08.12.2023 00:09:52,"80,4","1,25",,"2,26","974,22","1008,29",0,-56,,,
08.12.2023 00:38:07,"78,6",1,,"2,13","973,48","1007,52",0,-56,,,
08.12.2023 01:06:21,"80,7","1,06",,"2,48","973,05","1007,07",0,-57,,,
08.12.2023 01:34:35,81,"0,94",,"2,26","972,89","1006,91",0,-57,,,
08.12.2023 02:02:48,"81,3",1,,"2,56","972,8","1006,82",0,-55,,,
08.12.2023 02:31:01,"82,1","0,88",,"2,62","972,9","1006,93",0,-55,,,
08.12.2023 02:59:17,"82,8","0,88",,"2,62","972,94","1006,97",0,-58,,,
08.12.2023 03:27:32,"83,5",1,,"2,59","972,77","1006,79",0,-57,,,
08.12.2023 03:55:41,"81,6",1,,"2,7","972,54","1006,55",0,-55,,,
08.12.2023 04:23:56,"82,5","1,06",,"2,78","971,94","1005,93",0,-55,,,
08.12.2023 04:52:09,"83,7",1,,"2,79","971,55","1005,52",0,-56,,,
08.12.2023 05:20:22,"84,8",1,,"2,88","971,72","1005,7",0,-55,,,
08.12.2023 05:48:36,86,"1,06",,"2,85","971,75","1005,73",0,-56,,,
08.12.2023 06:16:52,"86,4","1,19",,"2,89","971,79","1005,77",0,-56,,,
08.12.2023 06:45:01,"87,4","1,38",,"2,68","971,7","1005,68",0,-55,,,
08.12.2023 07:13:16,"88,5","1,5",,"2,65","971,8","1005,78",0,-54,,,
08.12.2023 07:41:31,"89,4","1,69",,"3,29","971,67","1005,65",0,-55,,,
08.12.2023 08:09:47,"89,5","2,06",,"3,33","972,05","1006,04","1,25",-56,,,
08.12.2023 08:38:00,"90,3","2,5",,"3,49","972,19","1006,18","17,54",-56,,,
08.12.2023 09:06:18,"91,2","2,81",,"3,71","971,99","1005,98",35,-56,,,
08.12.2023 09:34:30,"92,2","3,13",,4,"972,23","1006,23",55,-56,,,
08.12.2023 10:02:48,"92,5","3,5",,"4,29","972,32","1006,32","53,33",-56,,,
08.12.2023 10:31:05,"93,1","3,88",,"4,8","972,56","1006,57","81,67",-56,,,
08.12.2023 10:59:23,"93,3","4,38",,"5,08","972,54","1006,55",110,-56,,,
08.12.2023 11:27:42,"93,7","4,75",,"5,55","972,34","1006,34","111,67",-55,,,
08.12.2023 11:56:00,"93,5","5,31",,"6,18","972,44","1006,44","136,67",-57,,,
08.12.2023 12:24:18,"92,6","5,25",,"6,27","972,63","1006,64","113,33",-56,,,
08.12.2023 12:52:31,"92,2","5,25",,"6,48","972,71","1006,72","136,67",-56,,,
08.12.2023 13:20:47,"91,4","5,38",,"6,41",973,"1007,02","101,67",-58,,,
08.12.2023 13:49:04,"91,8","5,5",,"6,72",973,"1007,03",60,-56,,,
08.12.2023 14:17:19,"91,6","5,56",,"6,82","973,1","1007,13",95,-57,,,
08.12.2023 14:45:35,"90,9","5,63",,"6,81","973,35","1007,38",80,-55,,,
08.12.2023 15:13:53,"91,2","5,75",,"6,88","973,49","1007,53","68,33",-56,,,
08.12.2023 15:42:07,"92,7","5,81",,"6,93","973,77","1007,82","28,33",-55,,,
08.12.2023 16:10:18,"93,1","5,81",,"7,05","973,95","1008,01",5,-55,,,
08.12.2023 16:38:34,"92,7","5,81",,"7,09","974,2","1008,27","1,02",-56,,,
08.12.2023 17:06:50,"92,4","5,88",,"6,99","974,59","1008,67",0,-53,,,
08.12.2023 17:35:06,"93,1","5,75",,"6,88","974,82","1008,91",0,-54,,,
08.12.2023 18:03:18,"92,9","5,75",,"6,93","975,08","1009,18",0,-55,,,
08.12.2023 18:31:32,"92,8","5,75",,"7,03","975,51","1009,62",0,-52,,,
08.12.2023 18:59:47,"92,4","5,69",,"7,03","975,73","1009,85",0,-53,,,
08.12.2023 19:28:02,"92,5","5,69",,"7,1",976,"1010,12",0,-54,,,
08.12.2023 19:56:17,"92,4","5,75",,"6,97","976,07","1010,2",0,-54,,,
08.12.2023 20:24:32,"91,9","5,81",,"7,07","976,31","1010,45",0,-54,,,
08.12.2023 20:52:49,"92,1","5,81",,"7,05","976,52","1010,67",0,-54,,,
08.12.2023 21:21:01,"92,1","5,94",,"7,11","976,72","1010,87",0,-55,,,
08.12.2023 21:49:17,"92,5",6,,"7,07","976,91","1011,07",0,-54,,,
08.12.2023 22:17:33,"92,5",6,,"7,21","976,87","1011,03",0,-55,,,
08.12.2023 22:45:49,"92,8","6,06",,"7,08","977,22","1011,39",0,-54,,,
08.12.2023 23:14:04,93,"6,06",,"6,95","977,15","1011,32",0,-55,,,
08.12.2023 23:42:19,"93,3","6,06",,"7,17","977,16","1011,33",0,-52,,,
09.12.2023 00:10:35,"93,2","6,06",,"7,18","977,3","1011,48",0,-58,,,
09.12.2023 00:38:46,"92,5","6,06",,"7,36","977,46","1011,64",0,-55,,,
09.12.2023 01:07:02,"92,5",6,,"7,25","977,6","1011,78",0,-54,,,
09.12.2023 01:35:17,"92,8",6,,"7,38","977,74","1011,93",0,-59,,,
09.12.2023 02:03:35,"92,3",6,,"7,41","977,98","1012,18",0,-56,,,
09.12.2023 02:31:47,"92,1","6,13",,"7,41","978,17","1012,38",0,-55,,,
09.12.2023 03:00:04,"92,6","6,13",,"7,3","978,13","1012,33",0,-50,,,
09.12.2023 03:28:22,"92,8","6,06",,"7,27","977,68","1011,87",0,-56,,,
09.12.2023 03:56:35,"92,6","5,94",,"7,24","977,24","1011,41",0,-55,,,
09.12.2023 04:24:49,"92,8","5,56",,"6,96","977,32","1011,5",0,-54,,,
09.12.2023 04:53:04,"92,7","5,88",,"6,8","977,36","1011,53",0,-56,,,
09.12.2023 05:21:19,"92,7","5,88",,"6,93","977,23","1011,4",0,-55,,,
09.12.2023 05:49:34,"93,2","5,75",,"7,05","976,88","1011,04",0,-54,,,
09.12.2023 06:17:48,"92,6","5,81",,"6,8","976,58","1010,73",0,-52,,,
09.12.2023 06:46:06,"93,2","6,13",,"6,91","976,17","1010,31",0,-50,,,
09.12.2023 07:14:25,"93,7","6,25",,"7,05","976,14","1010,28",0,-50,,,
09.12.2023 07:42:37,"93,7","6,31",,"7,1","976,03","1010,16",0,-54,,,
09.12.2023 08:10:55,"93,5","6,44",,"7,23","976,1","1010,23","12,56",-54,,,
09.12.2023 08:39:12,"92,5","6,44",,"7,21","976,24","1010,37","8,33",-55,,,
09.12.2023 09:07:23,"92,1","6,44",,"7,13","975,77","1009,9","43,33",-54,,,
09.12.2023 09:35:40,"91,5","6,63",,"7,35","975,5","1009,61","108,33",-56,,,
09.12.2023 10:03:59,"90,5","6,69",,"7,53","975,06","1009,16","176,67",-56,,,
09.12.2023 10:32:17,"89,5","6,94",,"7,83","974,73","1008,81","308,33",-59,,,
09.12.2023 11:00:35,"88,9","7,06",,"7,92","974,58","1008,66",695,-52,,,
09.12.2023 11:28:48,"88,2","7,06",,"7,98",974,"1008,06","176,67",-54,,,
09.12.2023 11:57:00,"87,2","7,06",,"7,91","972,78","1006,8","233,33",-54,,,
09.12.2023 12:25:18,"86,2","7,44",,"8,1","972,18","1006,17",335,-53,,,
09.12.2023 12:53:41,"83,8","7,81",,"8,73","971,39","1005,36","801,25",-55,,,
09.12.2023 13:21:59,"82,1","7,81",,"8,7","970,88","1004,83","642,08",-52,,,
09.12.2023 13:50:12,"81,8","7,56",,"8,38","969,96","1003,88","168,33",-56,,,
09.12.2023 14:18:27,"82,4",7,,"7,8","969,5","1003,4",60,-55,,,
09.12.2023 14:46:38,"85,7","6,38",,"7,14","968,62","1002,5",90,-54,,,
09.12.2023 15:14:53,"89,3","6,13",,"6,98","967,74","1001,58",85,-53,,,
09.12.2023 15:43:07,"89,7","6,06",,"6,69","966,9","1000,71","38,33",-53,,,
09.12.2023 16:11:23,"90,4","5,94",,"6,62","965,96","999,74",5,-55,,,
09.12.2023 16:39:37,"90,9","5,75",,"6,49","964,84","998,58","2,15",-54,,,
09.12.2023 17:07:53,"91,3","5,63",,"6,39","963,94","997,64",0,-53,,,
09.12.2023 17:36:09,"92,6","5,63",,"6,44","963,42","997,11",0,-53,,,
09.12.2023 18:04:24,"92,9","5,75",,"6,39","962,57","996,23",0,-54,,,
09.12.2023 18:32:40,"93,3","5,94",,"6,59","962,62","996,28",0,-53,,,
09.12.2023 19:00:59,"93,2","6,06",,"6,83","962,29","995,94",0,-53,,,
09.12.2023 19:29:13,"93,2","6,19",,"6,79","961,41","995,03",0,-52,,,
09.12.2023 19:57:29,"93,5","6,56",,"7,1","961,55","995,17",0,-56,,,
09.12.2023 20:25:48,"93,7","7,13",,"7,53","961,14","994,75",0,-54,,,
09.12.2023 20:54:06,"93,9","7,56",,"8,02","961,42","995,04",0,-55,,,
09.12.2023 21:22:27,"93,9","7,88",,"8,39","962,14","995,79",0,-54,,,
09.12.2023 21:50:45,"94,5","8,44",,"8,8","963,02","996,7",0,-54,,,
09.12.2023 22:19:04,"94,6","8,63",,"8,98","963,62","997,32",0,-54,,,
09.12.2023 22:47:22,"94,5","8,38",,"8,93","964,54","998,27",0,-53,,,
09.12.2023 23:15:34,"93,6","7,69",,"8,34","965,16","998,91",0,-53,,,
09.12.2023 23:43:46,"91,7","7,5",,"7,92","966,11","999,89",0,-51,,,
10.12.2023 00:12:03,"90,5","7,94",,"8,3","967,04","1000,86",0,-51,,,
10.12.2023 00:40:19,"90,4","7,88",,"8,38","967,54","1001,37",0,-58,,,
10.12.2023 01:08:32,"89,7","8,06",,"8,45","968,32","1002,18",0,-59,,,
10.12.2023 01:36:44,"89,5","8,13",,"8,54","968,64","1002,51",0,-58,,,
10.12.2023 02:04:59,"88,4",8,,"8,54","969,23","1003,12",0,-53,,,
10.12.2023 02:33:13,"87,5","8,06",,"8,51","969,55","1003,46",0,-58,,,
10.12.2023 03:01:24,86,"6,81",,"7,64","970,26","1004,19",0,-58,,,
10.12.2023 03:29:36,"89,6","6,31",,"7,05","970,37","1004,3",0,-58,,,
10.12.2023 03:57:54,"91,4","6,31",,"7,09","970,87","1004,82",0,-58,,,
10.12.2023 04:26:07,"91,3","6,63",,"7,21","971,23","1005,19",0,-59,,,
10.12.2023 04:54:24,"92,4","6,75",,"7,29","971,65","1005,63",0,-60,,,
10.12.2023 05:22:40,"92,3",7,,"7,49","971,79","1005,77",0,-59,,,
10.12.2023 05:50:56,"89,7","7,19",,"7,58","972,16","1006,15",0,-52,,,
10.12.2023 06:19:11,"88,3","7,13",,"7,55","972,39","1006,4",0,-54,,,
10.12.2023 06:47:28,88,"7,38",,"7,75","972,6","1006,61",0,-51,,,
10.12.2023 07:15:42,"85,2","7,06",,"7,62","972,87","1006,89",0,-51,,,
10.12.2023 07:43:55,"85,1","7,06",,"7,51","973,45","1007,49","0,45",-58,,,
10.12.2023 08:12:07,"84,9","7,25",,"7,66","973,72","1007,77","6,67",-61,,,
10.12.2023 08:40:22,"83,8","7,63",,"7,98","974,13","1008,19","107,5",-58,,,
10.12.2023 09:08:42,"82,4","8,19",,"8,94","974,22","1008,28",345,-58,,,
10.12.2023 09:36:55,"80,6","8,06",,"8,68",975,"1009,1","83,33",-59,,,
10.12.2023 10:05:12,"81,1","8,19",,"8,83","975,04","1009,13",200,-58,,,
10.12.2023 10:33:31,"81,6","8,13",,"8,9","975,56","1009,67",110,-61,,,
10.12.2023 11:01:50,"83,4","8,5",,"9,27","975,54","1009,65","376,67",-56,,,
10.12.2023 11:30:04,"81,9","8,88",,"9,48","975,33","1009,43","441,67",-57,,,
10.12.2023 11:58:27,"81,8","9,19",,"10,1","975,07","1009,16","491,67",-53,,,
10.12.2023 12:26:41,"80,5","8,69",,"9,44","975,35","1009,46",120,-55,,,
10.12.2023 12:54:51,"82,7","8,19",,"8,93","975,45","1009,56","76,67",-53,,,
10.12.2023 13:23:10,"85,5","8,38",,"8,98","975,35","1009,46","148,33",-54,,,
10.12.2023 13:51:24,"85,5","9,25",,"9,88","975,06","1009,16",525,-55,,,
10.12.2023 14:19:42,"82,3","9,25",,"10,06","974,85","1008,93",300,-55,,,
10.12.2023 14:47:57,"81,2","9,25",,10,"974,77","1008,85","432,5",-55,,,
10.12.2023 15:16:11,"80,6","9,06",,"9,71","974,56","1008,64",125,-52,,,
10.12.2023 15:44:26,"80,8","8,81",,"9,42","974,52","1008,59","43,33",-52,,,
10.12.2023 16:12:39,"81,9","8,5",,"9,11","974,21","1008,27","6,67",-54,,,
10.12.2023 16:40:56,"81,9","8,63",,"9,13","973,89","1007,95","1,13",-53,,,
10.12.2023 17:09:07,"80,8","8,63",,"9,07","973,49","1007,53",0,-55,,,
10.12.2023 17:37:19,"80,1","8,31",,"8,97","972,84","1006,86",0,-54,,,
10.12.2023 18:05:35,"80,4","8,44",,"8,9","972,13","1006,12",0,-52,,,
10.12.2023 18:33:52,"80,4","8,38",,"8,93","971,55","1005,52",0,-51,,,
10.12.2023 19:02:07,"80,9","8,69",,"9,12","971,01","1004,97",0,-53,,,
10.12.2023 19:30:18,"79,5","8,75",,"9,27","969,98","1003,9",0,-54,,,
10.12.2023 19:58:35,"78,4","9,19",,"9,56","969,62","1003,52",0,-52,,,
10.12.2023 20:26:54,"75,1","9,19",,"9,64","969,36","1003,25",0,-52,,,
10.12.2023 20:55:08,"75,5","9,25",,"9,64","969,08","1002,96",0,-51,,,
10.12.2023 21:23:21,"74,4","8,69",,"9,3","968,73","1002,6",0,-52,,,
10.12.2023 21:51:37,"79,7","8,56",,"9,07","968,44","1002,31",0,-54,,,
10.12.2023 22:19:53,"84,2","8,13",,"8,79","968,4","1002,26",0,-49,,,
10.12.2023 22:48:04,"89,1","7,94",,"8,61","968,43","1002,29",0,-50,,,
10.12.2023 23:16:17,"92,1","8,06",,"8,7","968,43","1002,3",0,-52,,,
10.12.2023 23:44:36,"92,9","8,31",,"8,9","968,83","1002,7",0,-53,,,
11.12.2023 00:12:50,"93,3","8,56",,"9,06","968,74","1002,61",0,-52,,,
11.12.2023 00:41:06,"93,2","8,69",,"9,29","968,95","1002,83",0,-51,,,
11.12.2023 01:09:23,"93,3","8,88",,"9,42","968,94","1002,82",0,-53,,,
11.12.2023 01:37:39,"93,1",9,,"9,49","969,05","1002,94",0,-52,,,
11.12.2023 02:05:52,"92,7","8,94",,"9,46","968,85","1002,72",0,-54,,,
11.12.2023 02:34:09,"92,2","8,81",,"9,26","968,98","1002,86",0,-54,,,
11.12.2023 03:02:23,"92,4","8,75",,"9,44","968,92","1002,8",0,-53,,,
11.12.2023 03:30:39,"90,9","8,81",,"9,29","969,17","1003,06",0,-53,,,
11.12.2023 03:58:54,"91,2","9,13",,"9,58","969,12","1003,01",0,-51,,,
11.12.2023 04:27:09,"90,1",9,,"9,57","968,47","1002,33",0,-53,,,
11.12.2023 04:55:25,"89,7","9,25",,"9,61","968,44","1002,31",0,-53,,,
11.12.2023 05:23:47,"90,2","9,44",,"9,85","968,57","1002,44",0,-53,,,
11.12.2023 05:52:01,"90,9","9,75",,"10,07","968,46","1002,32",0,-55,,,
11.12.2023 06:20:14,"89,3","9,69",,"10,1","968,03","1001,88",0,-53,,,
11.12.2023 06:48:31,88,"9,81",,"10,16","968,19","1002,05",0,-55,,,
11.12.2023 07:16:50,"86,7","9,88",,"10,3","968,08","1001,94",0,-53,,,
11.12.2023 07:45:05,"86,3","9,69",,"10,23","967,95","1001,8","0,23",-55,,,
11.12.2023 08:13:21,"86,9","9,69",,"10,18","967,79","1001,63",5,-52,,,
11.12.2023 08:41:34,"86,5","9,38",,"9,98","968,06","1001,91","110,42",-52,,,
11.12.2023 09:09:49,"86,7","9,38",,"9,87","968,16","1002,01","266,67",-54,,,
11.12.2023 09:38:02,"86,9","10,06",,"10,52","967,99","1001,84","1069,17",-53,,,
11.12.2023 10:06:44,"85,6","15,38",,"16,39","967,29","1001,11","4068,33",-53,,,
11.12.2023 10:34:55,"70,3","10,81",,"12,52","968,41","1002,27","491,67",-53,,,
11.12.2023 11:03:18,"74,5","10,94",,"11,9","968,46","1002,32","258,33",-53,,,
11.12.2023 11:31:27,"76,1","10,81",,"11,5","968,66","1002,54","196,67",-52,,,
11.12.2023 11:59:44,"77,1","10,75",,"11,38","968,63","1002,5","286,67",-54,,,
11.12.2023 12:28:05,"76,6","10,94",,"11,65","968,83","1002,7","481,25",-53,,,
11.12.2023 12:56:20,76,"10,63",,"11,33","969,13","1003,02",140,-52,,,
11.12.2023 13:24:37,"77,4","10,56",,"11,3","969,11",1003,"121,67",-53,,,
11.12.2023 13:52:54,"77,5","10,56",,"11,15","969,35","1003,25","148,33",-52,,,
11.12.2023 14:21:09,"76,2","10,5",,"11,09","969,63","1003,53","81,67",-52,,,
11.12.2023 14:49:23,"76,2","10,19",,"10,81","969,68","1003,59","38,33",-56,,,
11.12.2023 15:17:34,"77,5","10,31",,"10,88","970,15","1004,07","165,42",-55,,,
11.12.2023 15:45:53,"73,9","10,19",,"10,81","970,64","1004,58","56,67",-54,,,
11.12.2023 16:14:06,"72,8","10,06",,"10,66","971,06","1005,01","6,67",-53,,,
11.12.2023 16:42:24,"72,3","9,88",,"10,52","971,37","1005,34","1,81",-54,,,
11.12.2023 17:10:36,"73,2","9,75",,"10,39","971,39","1005,36",0,-53,,,
11.12.2023 17:38:48,"72,5","9,44",,"10,15","971,71","1005,69",0,-54,,,
11.12.2023 18:07:05,"74,3","9,44",,"10,1","971,93","1005,91",0,-56,,,
11.12.2023 18:35:17,"76,8","9,13",,"9,93","972,17","1006,17",0,-58,,,
11.12.2023 19:03:33,"77,2","8,81",,"9,52","972,3","1006,3",0,-57,,,
11.12.2023 19:31:49,"78,8","8,5",,"9,2","972,45","1006,46",0,-56,,,
11.12.2023 20:00:04,"80,6","8,38",,"8,94","972,96","1006,98",0,-56,,,
11.12.2023 20:28:21,82,"8,56",,"9,26","973,47","1007,51",0,-55,,,
11.12.2023 20:56:39,"81,2","8,56",,"9,39","973,69","1007,74",0,-57,,,
11.12.2023 21:24:56,"81,6","8,81",,"9,46","973,82","1007,87",0,-58,,,
11.12.2023 21:53:13,"82,5","8,69",,"9,35","973,8","1007,85",0,-51,,,
11.12.2023 22:21:30,"83,3","8,56",,"9,29","974,01","1008,07",0,-57,,,
11.12.2023 22:49:41,"83,9","8,56",,"9,21","974,09","1008,16",0,-57,,,
11.12.2023 23:17:55,"84,4","8,5",,"9,24","973,79","1007,84",0,-56,,,
11.12.2023 23:46:10,"84,5","8,5",,"9,38","974,05","1008,11",0,-52,,,
12.12.2023 00:14:26,"84,9","8,44",,"9,26","974,3","1008,37",0,-53,,,
12.12.2023 00:42:44,"85,5","7,88",,"9,07","974,5","1008,58",0,-54,,,
12.12.2023 01:10:59,"85,7","7,75",,"9,07","974,43","1008,5",0,-54,,,
12.12.2023 01:39:08,"86,4","7,19",,"8,64","974,41","1008,48",0,-51,,,
12.12.2023 02:07:25,87,"6,81",,"8,35","974,26","1008,33",0,-52,,,
12.12.2023 02:35:41,"87,6","7,38",,"8,52","974,08","1008,15",0,-53,,,
12.12.2023 03:03:57,"88,3","7,25",,"8,39","974,08","1008,14",0,-52,,,
12.12.2023 03:32:05,"88,7","7,31",,"8,41","973,87","1007,92",0,-52,,,
12.12.2023 04:00:22,"89,1","7,56",,"8,52","973,75","1007,8",0,-53,,,
12.12.2023 04:28:38,"88,9","7,06",,"8,44","973,55","1007,59",0,-56,,,
12.12.2023 04:56:53,"88,4","6,5",,"8,27","973,36","1007,39",0,-54,,,
12.12.2023 05:25:08,"88,2","5,94",,"7,79","973,32","1007,36",0,-54,,,
12.12.2023 05:53:24,88,"6,19",,"7,55","973,07","1007,1",0,-57,,,
12.12.2023 06:21:39,"89,3","6,63",,"7,94","972,85","1006,87",0,-57,,,
12.12.2023 06:49:57,"90,4","6,63",,"8,2","972,61","1006,62",0,-58,,,
12.12.2023 07:18:11,"89,6","6,38",,"8,04","972,33","1006,33",0,-57,,,
12.12.2023 07:46:27,"89,6","6,56",,"8,18","972,23","1006,23",0,-57,,,
12.12.2023 08:14:45,"89,4","6,5",,"8,08","971,92","1005,91","11,32",-57,,,
12.12.2023 08:43:02,89,"6,88",,"8,34","971,91","1005,9","13,33",-57,,,
12.12.2023 09:11:21,"89,4","7,25",,"8,73","971,67","1005,65","63,33",-58,,,
12.12.2023 09:39:39,"88,9","7,69",,"9,01","971,13","1005,09","108,33",-57,,,
12.12.2023 10:07:54,"88,3",8,,"9,28",971,"1004,95","108,33",-56,,,
12.12.2023 10:36:09,"88,8","8,56",,"9,59","970,65","1004,59","93,33",-58,,,
12.12.2023 11:04:29,"88,9","8,75",,"9,77","970,09","1004,01","113,33",-56,,,
12.12.2023 11:32:39,"89,4","8,75",,"9,65","969,53","1003,43","41,67",-53,,,
12.12.2023 12:00:57,"91,5","8,75",,"9,7","968,9","1002,79",40,-54,,,
12.12.2023 12:29:13,"92,2","8,88",,"9,61","968,56","1002,43","164,58",-55,,,
12.12.2023 12:57:33,"93,1","9,63",,"10,32","967,72","1001,56","281,67",-54,,,
12.12.2023 13:25:51,"92,6","10,19",,"11,01","967,92","1001,76","203,33",-54,,,
12.12.2023 13:54:09,"91,4","10,06",,"11,01","967,67","1001,51",100,-54,,,
12.12.2023 14:22:26,"91,5","9,94",,"10,86","967,52","1001,36","163,33",-53,,,
12.12.2023 14:50:42,"92,3","10,19",,"11,1","967,07","1000,88","196,67",-54,,,
12.12.2023 15:18:54,"92,1","10,13",,"11,21","966,88","1000,69","325,42",-54,,,
12.12.2023 15:47:10,"91,4","9,81",,"10,84","966,73","1000,53",55,-53,,,
12.12.2023 16:15:22,"92,5","9,88",,"10,83","966,48","1000,27",5,-54,,,
12.12.2023 16:43:37,"92,9","9,81",,"10,8","966,16","999,94","1,47",-53,,,
12.12.2023 17:11:51,"93,1","9,69",,"10,73","966,08","999,86",0,-54,,,
12.12.2023 17:40:06,"93,3","9,88",,"10,68","965,66","999,43",0,-54,,,
12.12.2023 18:08:23,"94,1","10,06",,"10,84","965,64","999,41",0,-54,,,
12.12.2023 18:36:36,"94,1","9,88",,"10,76","965,36","999,12",0,-53,,,
12.12.2023 19:04:49,"94,3","9,88",,"10,63","964,86","998,6",0,-53,,,
12.12.2023 19:33:03,"94,1","9,81",,"10,52","964,84","998,58",0,-53,,,
12.12.2023 20:01:19,"94,1","9,81",,"10,63","964,97","998,72",0,-53,,,
12.12.2023 20:29:33,"93,9","9,69",,"10,42","965,42","999,18",0,-54,,,
12.12.2023 20:57:44,"94,1","9,13",,"10,01","965,14","998,89",0,-55,,,
12.12.2023 21:25:59,"94,1","8,88",,"9,79","964,97","998,72",0,-54,,,
12.12.2023 21:54:16,"93,4","8,5",,"9,54","964,69","998,43",0,-52,,,
12.12.2023 22:22:32,"93,2","8,5",,"9,36","964,67","998,41",0,-52,,,
12.12.2023 22:50:47,"93,4","8,5",,"9,05","964,02","997,73",0,-53,,,
12.12.2023 23:19:03,"93,6","8,63",,"9,42","964,52","998,25",0,-54,,,
12.12.2023 23:47:17,"93,8","8,69",,"9,46","964,8","998,54",0,-55,,,
13.12.2023 00:15:36,"93,5","8,88",,"9,57","964,89","998,63",0,-55,,,
13.12.2023 00:43:49,"93,1","8,56",,"9,39","964,69","998,42",0,-56,,,
13.12.2023 01:12:02,"92,3","8,38",,"9,17","964,5","998,22",0,-55,,,
13.12.2023 01:40:17,"92,1","8,19",,"8,92","964,13","997,84",0,-57,,,
13.12.2023 02:08:30,"92,4","8,06",,"8,83","964,13","997,85",0,-54,,,
13.12.2023 02:36:45,"92,2","8,06",,"8,74","964,17","997,88",0,-50,,,
13.12.2023 03:04:58,"92,4","7,88",,"8,65","964,23","997,95",0,-55,,,
13.12.2023 03:33:15,"92,8",8,,"8,77","963,92","997,63",0,-57,,,
13.12.2023 04:01:31,"92,4","8,06",,"8,81","963,92","997,62",0,-55,,,
13.12.2023 04:29:47,"91,7",8,,"8,85","963,7","997,4",0,-54,,,
13.12.2023 04:58:02,92,8,,"8,87","963,45","997,14",0,-56,,,
13.12.2023 05:26:17,"91,8",8,,"8,83","963,29","996,98",0,-56,,,
13.12.2023 05:54:35,"91,5","7,75",,"8,65","963,13","996,81",0,-56,,,
13.12.2023 06:22:45,91,"7,38",,"8,39","962,92","996,59",0,-54,,,
13.12.2023 06:51:04,"91,5","7,06",,"8,35","962,75","996,42",0,-55,,,
13.12.2023 07:19:16,"91,2","7,06",,"8,23","962,63","996,29",0,-54,,,
13.12.2023 07:47:32,"91,9","6,94",,"7,98","962,49","996,15","0,79",-55,,,
13.12.2023 08:15:46,"92,4","7,56",,"8,25","962,61","996,27","12,22",-54,,,
13.12.2023 08:44:04,"93,3","7,88",,"8,52","962,64","996,3",25,-56,,,
13.12.2023 09:12:23,93,"8,19",,"8,99","962,67","996,33","176,67",-56,,,
13.12.2023 09:41:06,"91,1","9,19",,"12,18","962,58","996,24",150,-56,,,
13.12.2023 10:09:04,"79,2",9,,"10,35","962,59","996,25","694,17",-56,,,
13.12.2023 10:37:20,"87,1","9,25",,"10,6","962,68","996,35","857,5",-55,,,
13.12.2023 11:05:33,"86,3","8,5",,"10,11","963,02","996,7","266,67",-57,,,
13.12.2023 11:33:47,"87,9","8,56",,"10,23","962,9","996,57","291,67",-58,,,
13.12.2023 12:02:55,"88,2","13,06",,"18,56","962,31","995,96","1533,33",-54,,,
13.12.2023 12:31:47,"65,7","11,44",,"19,24","962,45","996,11","2037,5",-54,,,
13.12.2023 13:00:00,"57,4","11,38",,"16,67","962,3","995,95","3255,83",-55,,,
13.12.2023 13:27:58,"62,1","11,06",,"13,78","962,36","996,01","726,67",-54,,,
13.12.2023 13:56:06,"73,8","9,94",,"11,94","962,34","995,99","481,67",-53,,,
13.12.2023 14:24:23,"75,5","9,75",,"12,03","962,42","996,08","960,42",-53,,,
13.12.2023 14:52:39,"75,6","9,88",,"11,58","962,45","996,11",430,-54,,,
13.12.2023 15:20:50,"77,1","8,94",,"10,38","962,59","996,25","171,67",-53,,,
13.12.2023 15:49:02,"79,5",8,,"9,76","963,01","996,68","86,67",-53,,,
13.12.2023 16:17:13,"81,6","7,56",,"9,69","963,19","996,87","11,67",-52,,,
13.12.2023 16:45:31,"84,1","7,81",,"9,08","963,35","997,04","1,7",-55,,,
13.12.2023 17:13:50,"84,9","7,56",,"9,2","963,67","997,37",0,-56,,,
13.12.2023 17:42:00,"86,3","7,06",,"9,03","963,98","997,69",0,-58,,,
13.12.2023 18:10:12,"86,1","6,38",,"8,69","964,2","997,91",0,-58,,,
13.12.2023 18:38:24,"86,4","6,75",,"8,36","964,74","998,47",0,-57,,,
13.12.2023 19:06:40,"88,1","6,88",,"8,45","965,05","998,8",0,-57,,,
13.12.2023 19:34:54,"88,9","6,63",,"8,15","965,28","999,04",0,-58,,,
13.12.2023 20:03:05,"88,8","6,38",,"8,23","965,68","999,45",0,-58,,,
13.12.2023 20:31:21,"88,5","6,63",,"8,32","966,04","999,82",0,-60,,,
13.12.2023 20:59:37,"88,8","6,44",,"8,29","966,32","1000,11",0,-58,,,
13.12.2023 21:27:48,"88,5",6,,"8,01","966,7","1000,5",0,-57,,,
13.12.2023 21:56:02,"88,5","6,13",,"7,92","967,03","1000,84",0,-59,,,
13.12.2023 22:24:19,89,"6,44",,"8,08","967,36","1001,19",0,-56,,,
13.12.2023 22:52:33,"89,3","6,38",,"8,1","967,79","1001,64",0,-58,,,
13.12.2023 23:20:47,"89,4","6,44",,"8,21","968,21","1002,07",0,-56,,,
13.12.2023 23:49:06,"89,3","6,5",,"8,29","968,39","1002,25",0,-57,,,
14.12.2023 00:17:20,89,"6,44",,"8,38","968,83","1002,71",0,-59,,,
14.12.2023 00:45:38,"89,2","6,5",,"8,31","969,2","1003,09",0,-57,,,
14.12.2023 01:13:56,"89,3","6,31",,"8,18","969,56","1003,46",0,-56,,,
14.12.2023 01:42:05,"89,2","6,38",,"8,12","969,92","1003,83",0,-57,,,
14.12.2023 02:10:24,"89,8","6,56",,"8,14","970,32","1004,25",0,-57,,,
14.12.2023 02:38:40,90,"6,38",,"8,16","970,82","1004,76",0,-58,,,
14.12.2023 03:06:57,"89,9","6,38",,"8,13","971,22","1005,19",0,-59,,,
14.12.2023 03:35:09,90,"6,44",,"8,05","971,63","1005,6",0,-56,,,
14.12.2023 04:03:24,"90,4","6,31",,"8,03","971,87","1005,85",0,-58,,,
14.12.2023 04:31:42,"90,1","6,31",,"7,98","972,33","1006,34",0,-57,,,
14.12.2023 04:59:56,"90,2","6,31",,"7,92","972,74","1006,75",0,-54,,,
14.12.2023 05:28:14,90,"6,13",,"7,89","973,15","1007,18",0,-56,,,
14.12.2023 05:56:28,"90,1","5,94",,"7,72","973,55","1007,6",0,-57,,,
14.12.2023 06:24:41,"90,1",6,,"7,72","974,03","1008,1",0,-56,,,
14.12.2023 06:52:55,"90,3","5,94",,"7,56","974,55","1008,63",0,-55,,,
14.12.2023 07:21:14,"90,3",6,,"7,44","975,09","1009,19",0,-54,,,
14.12.2023 07:49:31,"90,6","5,94",,"7,53","975,48","1009,59",0,-53,,,
14.12.2023 08:17:42,"90,9","5,94",,"7,55","976,06","1010,19","8,33",-56,,,
14.12.2023 08:45:59,"90,5","6,13",,"7,64","976,59","1010,74","21,67",-57,,,
14.12.2023 09:14:12,"90,5","6,31",,"7,65","977,25","1011,43","36,67",-58,,,
14.12.2023 09:42:28,"91,2","6,69",,"8,08","977,67","1011,86","118,33",-57,,,
14.12.2023 10:10:48,"90,4","7,06",,"8,23","978,26","1012,47","226,67",-57,,,
14.12.2023 10:39:04,"90,7","7,19",,"8,39","978,77",1013,135,-57,,,
14.12.2023 11:07:26,"89,6","7,44",,"8,7","979,25","1013,49","171,67",-57,,,
14.12.2023 11:35:40,"88,9","7,81",,"9,18","979,49","1013,74","218,33",-57,,,
14.12.2023 12:03:56,"86,6","8,44",,"9,91","979,69","1013,95","348,33",-55,,,
14.12.2023 12:32:17,"83,4","8,56",,"10,04","980,18","1014,46",485,-55,,,
14.12.2023 13:00:32,"82,4","9,25",,"10,75","980,26","1014,54",800,-55,,,
14.12.2023 13:28:57,"78,9","8,81",,"10,64","980,46","1014,75","301,67",-55,,,
14.12.2023 13:57:08,"76,5","8,19",,"9,58","980,68","1014,97",130,-56,,,
14.12.2023 14:25:19,"80,3","8,5",,"9,87","980,82","1015,12","693,33",-57,,,
14.12.2023 14:53:33,"80,3","8,13",,"9,25","981,23","1015,54","143,33",-55,,,
14.12.2023 15:21:48,"80,7","7,81",,"9,33","981,86","1016,19","96,67",-56,,,
14.12.2023 15:50:01,"82,8","7,38",,"8,7","982,58","1016,94","11,67",-54,,,
14.12.2023 16:18:12,"84,6","6,75",,"8,11","983,1","1017,47","14,49",-55,,,
14.12.2023 16:46:23,"87,5","6,63",,8,"983,67","1018,07","0,57",-57,,,
14.12.2023 17:14:38,"88,4","6,31",,"7,87","984,12","1018,53",0,-54,,,
14.12.2023 17:42:50,"87,6","6,06",,"7,4","984,65","1019,08",0,-54,,,
14.12.2023 18:11:06,"87,9","5,5",,"6,93","985,12","1019,57",0,-54,,,
14.12.2023 18:39:17,"86,8","5,31",,"6,79","985,72","1020,19",0,-53,,,
14.12.2023 19:07:31,"85,9","5,19",,"6,42","986,04","1020,52",0,-52,,,
14.12.2023 19:35:46,"85,5","5,31",,"6,43","986,59","1021,09",0,-56,,,
14.12.2023 20:04:05,85,"5,13",,"6,83","987,07","1021,58",0,-59,,,
14.12.2023 20:32:20,85,"5,13",,"6,64","987,57","1022,1",0,-58,,,
14.12.2023 21:00:34,84,"5,06",,"6,2","987,92","1022,46",0,-56,,,
14.12.2023 21:28:49,"83,3","4,94",,"6,4","988,41","1022,97",0,-58,,,
14.12.2023 21:57:05,"83,5","4,81",,"6,5","988,72","1023,29",0,-55,,,
14.12.2023 22:25:20,"83,1","4,69",,"6,24","989,17","1023,76",0,-58,,,
14.12.2023 22:53:36,"82,6","4,38",,"5,98","989,3","1023,89",0,-57,,,
14.12.2023 23:21:49,"81,6","4,19",,"6,12","989,66","1024,27",0,-55,,,
14.12.2023 23:50:06,"82,7","4,19",,"6,06","990,24","1024,87",0,-57,,,
15.12.2023 00:18:22,"83,3",4,,"6,01","990,61","1025,25",0,-57,,,
15.12.2023 00:46:36,"83,6","3,69",,"5,62","990,97","1025,62",0,-58,,,
15.12.2023 01:14:51,84,"4,06",,"5,62","991,23","1025,9",0,-58,,,
15.12.2023 01:43:05,"84,1","4,25",,"5,72","991,48","1026,15",0,-55,,,
15.12.2023 02:11:21,"84,7","4,13",,"5,74","991,74","1026,42",0,-56,,,
15.12.2023 02:39:36,"84,5","4,13",,"5,64","992,11","1026,81",0,-53,,,
15.12.2023 03:07:50,"84,8","3,88",,"5,65","992,36","1027,07",0,-54,,,
15.12.2023 03:36:03,"84,9","3,25",,"5,13","992,61","1027,32",0,-55,,,
15.12.2023 04:04:20,"85,3","3,44",,"5,05","992,81","1027,52",0,-55,,,
15.12.2023 04:32:35,"86,7","2,81",,"4,78","992,82","1027,54",0,-54,,,
15.12.2023 05:00:47,"86,2","3,13",,"4,87","993,24","1027,97",0,-55,,,
15.12.2023 05:29:04,"87,4","3,38",,5,"993,54","1028,28",0,-53,,,
15.12.2023 05:57:19,"87,5","3,56",,"5,14","993,81","1028,56",0,-56,,,
15.12.2023 06:25:38,"87,7","3,88",,"5,55","994,25","1029,02",0,-55,,,
15.12.2023 06:53:56,"87,7","4,38",,"5,65","994,87","1029,66",0,-56,,,
15.12.2023 07:22:12,"89,1","4,38",,"5,71","995,01","1029,81",0,-56,,,
15.12.2023 07:50:25,"90,1","4,13",,"5,67","995,13","1029,92","0,34",-55,,,
15.12.2023 08:18:38,"90,1","4,44",,"5,71","995,28","1030,09",5,-54,,,
15.12.2023 08:46:50,"89,8","4,69",,"5,87","995,74","1030,56","18,33",-54,,,
15.12.2023 09:15:07,"90,4",5,,"5,97",996,"1030,83","46,67",-57,,,
15.12.2023 09:43:26,"90,9","5,25",,"6,59","996,46","1031,3",80,-58,,,
15.12.2023 10:11:42,"89,1","5,56",,"6,72","996,67","1031,52",115,-55,,,
15.12.2023 10:39:56,"89,2",6,,"7,14","997,11","1031,98",145,-56,,,
15.12.2023 11:08:10,"88,6","6,06",,"7,13","997,5","1032,38",185,-57,,,
15.12.2023 11:36:29,"89,3","6,13",,"7,44","997,61","1032,49","213,33",-54,,,
15.12.2023 12:04:47,"89,3","6,25",,"7,67","997,81","1032,7",265,-54,,,
15.12.2023 12:33:01,"88,3","6,63",,"7,8","997,79","1032,68",625,-56,,,
15.12.2023 13:01:20,"88,9","6,81",,"8,39","997,74","1032,63","533,33",-57,,,
15.12.2023 13:29:33,"87,1","6,63",,"7,99","997,96","1032,86","323,33",-57,,,
15.12.2023 13:57:47,"87,5","6,69",,"7,94","998,32","1033,23",170,-56,,,
15.12.2023 14:26:01,"88,7","6,31",,"7,78","998,41","1033,32",115,-59,,,
15.12.2023 14:54:18,"88,7","6,38",,"7,71","998,53","1033,45",85,-57,,,
15.12.2023 15:22:30,"89,7","6,19",,"7,42","998,75","1033,68","63,33",-57,,,
15.12.2023 15:50:46,"90,6","6,19",,"7,51","998,51","1033,43","33,33",-58,,,
15.12.2023 16:19:01,"89,8",6,,"7,33","999,3","1034,25",15,-58,,,
15.12.2023 16:47:17,"90,1","5,88",,"7,32","999,36","1034,31","0,68",-55,,,
15.12.2023 17:15:34,"90,9","5,56",,"7,16","999,72","1034,68",0,-55,,,
15.12.2023 17:43:40,"90,1","5,31",,"6,82","999,85","1034,82",0,-57,,,
15.12.2023 18:12:00,"90,1","5,5",,"7,07","1000,42","1035,41",0,-58,,,
15.12.2023 18:40:12,"91,1","5,44",,"6,93","1000,39","1035,37",0,-56,,,
15.12.2023 19:08:26,"90,5","5,25",,"6,95","1000,66","1035,65",0,-56,,,
15.12.2023 19:36:39,"90,5","5,13",,"6,86","1000,62","1035,61",0,-56,,,
15.12.2023 20:04:55,"90,3","5,19",,"6,7","1000,91","1035,91",0,-56,,,
15.12.2023 20:33:11,"90,9","5,19",,"6,63","1001,32","1036,33",0,-56,,,
15.12.2023 21:01:24,"91,4","5,31",,"6,71","1001,44","1036,46",0,-58,,,
15.12.2023 21:29:40,"90,6","5,44",,"6,77","1001,47","1036,49",0,-57,,,
15.12.2023 21:57:54,"91,1","5,44",,"6,7","1001,81","1036,84",0,-56,,,
15.12.2023 22:26:07,"91,6","5,38",,"6,45","1002,04","1037,08",0,-60,,,
15.12.2023 22:54:21,"91,7","5,19",,"6,53","1002,08","1037,12",0,-56,,,
15.12.2023 23:22:40,"91,6","5,13",,"6,68","1002,12","1037,16",0,-54,,,
15.12.2023 23:50:51,"91,3","5,13",,"6,54","1002,62","1037,68",0,-57,,,
16.12.2023 00:19:05,"91,5",5,,"6,64","1002,36","1037,41",0,-57,,,
16.12.2023 00:47:17,"91,2",5,,"6,58","1002,55","1037,61",0,-58,,,
16.12.2023 01:15:33,"90,8",5,,"6,59","1002,51","1037,57",0,-57,,,
16.12.2023 01:43:46,"90,9","5,19",,"6,56","1002,38","1037,43",0,-56,,,
16.12.2023 02:12:02,"91,4","5,19",,"6,66","1002,61","1037,67",0,-57,,,
16.12.2023 02:40:12,91,"4,88",,"6,5","1002,65","1037,71",0,-57,,,
16.12.2023 03:08:25,"90,8","4,94",,"6,62","1002,99","1038,06",0,-56,,,
16.12.2023 03:36:40,"90,7","4,69",,"6,44","1003,02","1038,09",0,-57,,,
16.12.2023 04:04:55,"90,6","4,75",,"6,39","1003,17","1038,25",0,-58,,,
16.12.2023 04:33:10,"90,8","4,69",,"6,16","1003,17","1038,25",0,-57,,,
16.12.2023 05:01:25,"91,5","4,69",,"6,33","1003,19","1038,27",0,-53,,,
16.12.2023 05:29:41,"91,1","4,81",,"6,36","1003,06","1038,14",0,-54,,,
16.12.2023 05:57:56,"90,8","4,69",,"6,28","1002,89","1037,96",0,-52,,,
16.12.2023 06:26:14,"90,5","4,56",,"6,2","1003,22","1038,3",0,-53,,,
16.12.2023 06:54:28,"90,3","4,63",,"5,99","1003,04","1038,12",0,-56,,,
16.12.2023 07:22:37,90,"4,06",,"5,84","1003,26","1038,34",0,-52,,,
16.12.2023 07:50:49,90,"3,44",,"5,26","1003,54","1038,64","0,34",-53,,,
16.12.2023 08:19:07,"90,5","3,44",,"5,08","1003,82","1038,92","16,41",-53,,,
16.12.2023 08:47:19,"90,6","3,69",,"5,13","1003,84","1038,94","66,67",-53,,,
16.12.2023 09:15:37,"90,8","4,13",,"5,8","1003,93","1039,04","136,67",-55,,,
16.12.2023 09:43:55,"89,2","4,81",,"6,23","1004,27","1039,38","171,67",-53,,,
16.12.2023 10:12:11,"88,6","4,69",,"6,33","1004,56","1039,69","153,33",-53,,,
16.12.2023 10:40:29,"87,7","5,19",,"6,6","1004,61","1039,74","193,33",-53,,,
16.12.2023 11:08:50,"87,8","5,75",,"7,01","1004,55","1039,68","318,33",-55,,,
16.12.2023 11:37:04,"86,4","6,5",,"7,69","1004,48","1039,6","336,67",-55,,,
16.12.2023 12:05:26,"84,4","6,5",,"8,05","1004,49","1039,61","296,67",-56,,,
16.12.2023 12:33:38,"82,4","6,81",,"8,32","1004,41","1039,54","281,67",-53,,,
16.12.2023 13:01:58,"82,4","7,13",,"8,78",1004,"1039,11","478,33",-53,,,
16.12.2023 13:30:15,"79,8",7,,"8,61","1003,76","1038,86","266,67",-55,,,
16.12.2023 13:58:29,"78,1","7,44",,"9,1","1003,36","1038,45","563,33",-53,,,
16.12.2023 14:26:43,"76,4","7,25",,"8,48","1002,85","1037,92","398,33",-55,,,
16.12.2023 14:55:00,"76,6","7,13",,"8,1","1002,51","1037,56","296,67",-55,,,
16.12.2023 15:23:09,74,"6,81",,"7,89","1002,53","1037,59","268,33",-54,,,
16.12.2023 15:51:22,"74,2","6,25",,"7,66","1002,67","1037,73","163,33",-52,,,
16.12.2023 16:19:36,"76,5","5,38",,"7,07","1002,65","1037,71","43,33",-55,,,
16.12.2023 16:47:48,"79,1","4,31",,"6,22","1002,33","1037,38","5,09",-52,,,
16.12.2023 17:15:57,"82,4","3,81",,"5,69","1002,15","1037,19",0,-53,,,
16.12.2023 17:44:13,"84,6","3,06",,"5,2","1002,39","1037,44",0,-55,,,
16.12.2023 18:12:23,"84,2","2,94",,"4,84","1002,39","1037,44",0,-54,,,
16.12.2023 18:40:34,85,"2,44",,"4,54","1002,53","1037,59",0,-54,,,
16.12.2023 19:08:44,"85,8","2,13",,"4,17","1002,52","1037,57",0,-54,,,
16.12.2023 19:36:58,"86,4",2,,"3,89","1002,57","1037,63",0,-54,,,
16.12.2023 20:05:11,87,"1,75",,"3,77","1003,07","1038,15",0,-54,,,
16.12.2023 20:33:22,"86,9","1,44",,"3,53","1003,25","1038,33",0,-58,,,
16.12.2023 21:01:37,"87,1","1,38",,"3,13","1002,79","1037,86",0,-57,,,
16.12.2023 21:29:47,"87,4","1,19",,"3,03","1002,52","1037,58",0,-58,,,
16.12.2023 21:57:58,"87,6","0,94",,"2,87","1002,68","1037,74",0,-56,,,
16.12.2023 22:26:11,"87,8","0,88",,"2,63","1002,72","1037,78",0,-55,,,
16.12.2023 22:54:26,"87,7","1,19",,"2,94","1002,8","1037,86",0,-56,,,
16.12.2023 23:22:41,89,"0,63",,"2,44","1002,37","1037,42",0,-56,,,
16.12.2023 23:50:57,"87,9","0,88",,"2,83","1002,27","1037,32",0,-55,,,
17.12.2023 00:19:13,"87,6","0,88",,"2,82","1002,26","1037,31",0,-58,,,
17.12.2023 00:47:22,"87,8","0,44",,"2,5","1002,61","1037,67",0,-56,,,
17.12.2023 01:15:38,"87,9","0,44",,"2,38","1002,58","1037,64",0,-51,,,
17.12.2023 01:43:49,"88,7","0,25",,"2,31","1002,42","1037,47",0,-56,,,
17.12.2023 02:12:02,"88,1","0,63",,"2,34","1002,25","1037,3",0,-56,,,
17.12.2023 02:40:16,89,"0,69",,"2,61","1002,52","1037,58",0,-54,,,
17.12.2023 03:08:31,"88,6",1,,"2,89","1002,4","1037,45",0,-55,,,
17.12.2023 03:36:50,"88,3","1,13",,"2,94","1002,32","1037,37",0,-55,,,
17.12.2023 04:05:06,"88,3","1,69",,"3,34","1001,94","1036,98",0,-53,,,
17.12.2023 04:33:16,"88,5","1,25",,"3,19","1001,97",1037,0,-54,,,
17.12.2023 05:01:31,89,"1,25",,"2,92","1001,75","1036,78",0,-55,,,
17.12.2023 05:29:44,"90,3","1,38",,"3,03","1001,58","1036,61",0,-54,,,
17.12.2023 05:57:59,"91,6","1,38",,"2,97","1001,53","1036,55",0,-53,,,
17.12.2023 06:26:15,"91,9","1,25",,"3,07","1001,65","1036,68",0,-54,,,
17.12.2023 06:54:28,92,"0,75",,"2,1","1001,5","1036,52",0,-53,,,
17.12.2023 07:22:45,"92,9","0,75",,"2,26","1001,48","1036,5",0,-53,,,
17.12.2023 07:50:58,"92,8","0,31",,"1,93","1001,55","1036,57","0,23",-54,,,
17.12.2023 08:19:08,"93,3","0,38",,"1,98","1001,5","1036,52",10,-53,,,
17.12.2023 08:47:20,"93,5","0,25",,"1,97","1001,61","1036,63","118,33",-54,,,
17.12.2023 09:15:40,"92,6","0,88",,"2,91","1001,24","1036,25","658,33",-55,,,
17.12.2023 09:44:13,"89,8","6,56",,"9,46","1000,65","1035,64","2773,33",-57,,,
17.12.2023 10:13:09,"66,6",11,,"16,51","1000,34","1035,32","4551,67",-56,,,
17.12.2023 10:41:37,"43,4","9,56",,"16,99","1000,13","1035,11",5295,-58,,,
17.12.2023 11:10:20,"39,2","12,75",,"19,69","999,98","1034,94",11205,-54,,,
17.12.2023 11:38:55,"37,8","14,06",,"23,05","999,8","1034,76","12393,33",-59,,,
17.12.2023 12:07:12,"32,2","12,06",,"24,08","999,39","1034,34","6046,67",-56,,,
17.12.2023 12:35:46,"30,1","12,56",,25,"999,02","1033,95","12004,17",-54,,,
17.12.2023 13:03:28,"31,8","9,06",,"16,61","999,91","1034,88","1246,67",-57,,,
17.12.2023 13:31:19,"44,5","8,5",,"11,39","999,84","1034,8",525,-58,,,
17.12.2023 13:59:33,"65,7","8,75",,"10,81","999,42","1034,37","451,67",-57,,,
17.12.2023 14:27:51,"69,3","8,75",,"10,92","999,06",1034,"358,33",-56,,,
17.12.2023 14:56:08,"69,5","8,81",,"10,73","998,98","1033,91","276,67",-58,,,
17.12.2023 15:24:18,"70,2","8,25",,"10,45","998,81","1033,74","213,33",-57,,,
17.12.2023 15:52:35,"73,1","7,31",,"9,68","998,84","1033,77",125,-52,,,
17.12.2023 16:20:42,"75,9","6,38",,"8,72","998,99","1033,93",40,-55,,,
17.12.2023 16:48:55,"79,4","5,63",,"7,95","999,04","1033,98","4,98",-59,,,
17.12.2023 17:17:09,"81,1","5,5",,"7,35","999,05","1033,99",0,-57,,,
17.12.2023 17:45:20,82,"4,44",,7,"999,03","1033,97",0,-57,,,
17.12.2023 18:13:29,"82,2","3,56",,"6,03","999,19","1034,13",0,-57,,,
17.12.2023 18:41:41,"82,8",3,,"5,53","999,45","1034,4",0,-56,,,
17.12.2023 19:09:52,"83,4","2,69",,"5,12","999,51","1034,46",0,-58,,,
17.12.2023 19:38:06,"83,9","2,56",,"4,66","999,48","1034,43",0,-57,,,
17.12.2023 20:06:19,"85,5","1,75",,"4,23","999,43","1034,38",0,-58,,,
17.12.2023 20:34:33,"84,7","1,94",,"4,12","999,32","1034,26",0,-56,,,
17.12.2023 21:02:48,"85,7","2,31",,"4,2","999,2","1034,15",0,-56,,,
17.12.2023 21:31:00,"86,8","1,56",,"3,92","998,98","1033,91",0,-56,,,
17.12.2023 21:59:14,"85,5","1,69",,"3,71","998,93","1033,86",0,-57,,,
17.12.2023 22:27:26,"86,8","1,25",,"3,4","998,89","1033,82",0,-52,,,
17.12.2023 22:55:40,"86,4","1,38",,"3,23","998,97","1033,9",0,-55,,,
17.12.2023 23:23:54,"87,3","0,94",,"3,07","998,82","1033,75",0,-57,,,
17.12.2023 23:52:05,"86,8","0,56",,"2,69","998,8","1033,72",0,-56,,,
18.12.2023 00:20:17,"86,3","0,5",,"2,59","998,7","1033,63",0,-57,,,
18.12.2023 00:48:29,"86,8","1,88",,"2,61","998,5","1033,41",0,-53,,,
18.12.2023 01:16:45,"90,7","2,13",,"2,98","998,34","1033,25",0,-57,,,
18.12.2023 01:45:01,"91,3","1,88",,"2,85","997,95","1032,85",0,-57,,,
18.12.2023 02:13:13,91,"0,94",,"2,39","998,07","1032,97",0,-56,,,
18.12.2023 02:41:26,"88,8","0,44",,"2,28","997,78","1032,67",0,-52,,,
18.12.2023 03:09:34,"88,4","0,19",,"1,95","997,6","1032,49",0,-56,,,
18.12.2023 03:37:48,"88,5","-0,25",,"1,74","997,59","1032,47",0,-59,,,
18.12.2023 04:06:01,"88,4","-0,19",,"1,59","997,37","1032,25",0,-52,,,
18.12.2023 04:34:15,"88,5","-0,44",,"1,37","997,2","1032,08",0,-54,,,
18.12.2023 05:02:30,"88,4","-0,63",,"1,25","997,09","1031,95",0,-53,,,
18.12.2023 05:30:42,"88,6","-0,75",,"1,19","997,03","1031,9",0,-52,,,
18.12.2023 05:58:57,"89,9","-1,06",,"0,84","997,19","1032,06",0,-52,,,
18.12.2023 06:27:05,90,"-1,25",,"0,61","997,31","1032,18",0,-54,,,
18.12.2023 06:55:19,"89,7","-1,44",,"0,58","997,48","1032,36",0,-52,,,
18.12.2023 07:23:32,90,"-1,75",,"0,04","997,38","1032,25",0,-51,,,
18.12.2023 07:51:45,"89,6","-1,44",,"0,04","997,35","1032,23","2,6",-52,,,
18.12.2023 08:19:57,"89,5","-1,13",,"0,37","997,55","1032,43",45,-52,,,
18.12.2023 08:48:10,"88,9",-1,,"0,48","997,18","1032,05",200,-53,,,
18.12.2023 09:16:38,"88,2","1,38",,"3,2","996,7","1031,55",680,-52,,,
18.12.2023 09:45:51,"83,5","11,38",,"15,55","995,47","1030,28","9825,83",-52,,,
18.12.2023 10:14:34,39,"11,56",,"18,91","995,42","1030,22","11652,92",-54,,,
18.12.2023 10:42:58,"36,9",14,,"21,86","995,11","1029,91",6445,-53,,,
18.12.2023 11:11:22,"29,4","14,44",,"23,27","995,15","1029,95","13456,25",-55,,,
18.12.2023 11:39:40,"28,7","14,25",,"24,43","995,12","1029,92",13390,-54,,,
18.12.2023 12:08:00,"25,6","10,38",,"24,99","995,03","1029,83","12975,42",-54,,,
18.12.2023 12:36:23,"26,4","10,69",,"24,34","994,72","1029,5",6100,-53,,,
18.12.2023 13:32:14,"47,2","6,81",,"10,8","995,58","1030,39",430,-52,,,
18.12.2023 14:00:26,"61,3","6,63",,"9,96","995,41","1030,22","353,33",-52,,,
18.12.2023 14:28:37,65,7,,"9,4","995,03","1029,83","587,5",-52,,,
18.12.2023 14:56:52,"67,3","6,94",,"8,86","994,71","1029,49","238,33",-51,,,
18.12.2023 15:25:07,"69,5","6,69",,"8,57","994,75","1029,54",185,-51,,,
18.12.2023 15:53:14,"69,8","5,31",,"8,23","994,57","1029,35","118,33",-51,,,
18.12.2023 16:21:27,"72,7","4,56",,"7,55","994,53","1029,3",40,-52,,,
18.12.2023 16:49:43,"74,7","4,06",,"6,81","994,47","1029,25","4,53",-52,,,
18.12.2023 17:17:57,"76,4","4,06",,"6,25","994,38","1029,15",0,-55,,,
18.12.2023 17:46:07,"77,6",4,,"6,07","994,28","1029,05",0,-56,,,
18.12.2023 18:14:20,"78,2","3,56",,"5,56","993,95","1028,71",0,-53,,,
18.12.2023 18:42:32,"79,5","3,44",,"5,29","994,1","1028,86",0,-52,,,
18.12.2023 19:10:44,"79,6","3,5",,"4,94","994,12","1028,88",0,-54,,,
18.12.2023 19:38:56,"80,7","3,31",,"4,91","994,2","1028,97",0,-54,,,
18.12.2023 20:07:08,"80,9","3,19",,"4,5","993,63","1028,37",0,-52,,,
18.12.2023 20:35:19,"82,5","3,38",,"4,48","993,07","1027,8",0,-52,,,
18.12.2023 21:31:44,"83,5","2,88",,"4,17","994,08","1028,84",0,-47,,,
18.12.2023 21:59:58,"84,5","2,5",,"3,87","993,27",1028,0,-50,,,
18.12.2023 22:28:05,"85,2","2,94",,"3,87","992,61","1027,32",0,-51,,,
18.12.2023 22:56:22,"86,3","2,94",,"3,85","992,35","1027,05",0,-54,,,
18.12.2023 23:24:32,"86,2","2,69",,"3,78","992,43","1027,13",0,-54,,,
18.12.2023 23:52:46,"86,4","1,94",,"3,56","992,37","1027,07",0,-54,,,
19.12.2023 00:20:57,"86,1","1,63",,"3,05","992,13","1026,82",0,-54,,,
19.12.2023 00:49:11,"87,3","1,38",,"2,34","991,9","1026,59",0,-54,,,
19.12.2023 01:17:25,"89,3","1,56",,"2,31","991,75","1026,43",0,-54,,,
19.12.2023 01:45:39,"90,2","1,56",,"2,5","991,43","1026,09",0,-50,,,
19.12.2023 02:13:55,90,"1,5",,"2,53","991,49","1026,16",0,-53,,,
19.12.2023 02:42:06,89,"1,25",,2,"991,34","1026,01",0,-54,,,
19.12.2023 03:10:23,"89,6","1,19",,"2,05","991,21","1025,87",0,-54,,,
19.12.2023 03:38:40,"89,2","1,19",,"2,13","991,29","1025,95",0,-54,,,
19.12.2023 04:06:51,"88,5","0,94",,"1,98","990,99","1025,64",0,-55,,,
19.12.2023 04:35:10,"88,4","0,69",,"1,85","990,75","1025,39",0,-55,,,
19.12.2023 05:03:15,88,"0,31",,"1,6","990,62","1025,26",0,-54,,,
19.12.2023 05:31:31,"87,9","0,31",,"1,56","990,53","1025,17",0,-55,,,
19.12.2023 05:59:43,"88,1","0,38",,"1,57","990,41","1025,04",0,-55,,,
19.12.2023 06:27:54,88,"0,38",,"1,51","990,4","1025,03",0,-54,,,
19.12.2023 06:56:06,"88,1","0,44",,"1,51","990,8","1025,45",0,-54,,,
19.12.2023 07:24:20,"88,1","0,38",,"1,42","990,41","1025,05",0,-54,,,
19.12.2023 07:52:32,"87,8","0,44",,"1,41","990,16","1024,79",0,-54,,,
19.12.2023 08:20:47,88,"0,44",,"1,42","989,75","1024,36","13,58",-54,,,
19.12.2023 08:49:01,"88,4","0,5",,"1,38","989,7","1024,31","13,33",-54,,,
19.12.2023 09:17:14,"88,9","0,63",,"1,61","989,8","1024,41","46,67",-54,,,
19.12.2023 09:45:29,"88,9","0,88",,"1,62","989,39","1023,99","93,33",-54,,,
19.12.2023 10:13:46,"89,3","1,13",,"1,93","989,18","1023,77",110,-52,,,
19.12.2023 10:42:02,"89,4","1,75",,"2,34","989,44","1024,04",200,-53,,,
19.12.2023 11:10:14,"89,2","1,69",,"2,48","988,89","1023,47",180,-52,,,
19.12.2023 11:38:30,"89,1","1,63",,"2,53","988,47","1023,04",140,-53,,,
19.12.2023 12:06:44,"89,3","1,63",,"2,4","987,93","1022,48","93,33",-53,,,
19.12.2023 12:35:05,"90,2","1,88",,"2,78","987,55","1022,09","166,67",-53,,,
19.12.2023 13:03:15,"90,2","2,13",,"2,89","987,07","1021,58","246,67",-53,,,
19.12.2023 13:31:30,"89,8","2,13",,"2,9","986,41","1020,9",120,-53,,,
19.12.2023 13:59:44,90,"2,13",,"2,89","986,23","1020,72","56,67",-53,,,
19.12.2023 14:28:01,"90,6",2,,"2,88","985,79","1020,26","51,67",-53,,,
19.12.2023 14:56:12,91,2,,"2,81","985,2","1019,66",45,-54,,,
19.12.2023 15:24:26,"91,8","2,13",,"2,84","985,07","1019,52","26,67",-54,,,
19.12.2023 15:52:40,"92,2","2,25",,"3,03","984,79","1019,23","18,33",-54,,,
19.12.2023 16:20:56,"91,8","2,31",,"2,95","984,52","1018,95","8,15",-53,,,
19.12.2023 16:49:14,"92,3","2,38",,"3,01","984,29","1018,71","0,11",-51,,,
19.12.2023 17:17:28,"92,5","2,69",,"3,34","984,06","1018,47",0,-53,,,
19.12.2023 17:45:42,"92,5","2,88",,"3,55","983,31","1017,69",0,-55,,,
19.12.2023 18:14:01,"92,3","2,88",,"3,6","982,4","1016,76",0,-53,,,
19.12.2023 18:42:14,"92,4",3,,"3,68","982,87","1017,24",0,-54,,,
19.12.2023 19:10:29,"92,8","3,06",,"3,76","982,62","1016,98",0,-54,,,
19.12.2023 19:38:44,"93,2","3,06",,"3,74","982,36","1016,72",0,-54,,,
19.12.2023 20:07:01,"93,7","3,31",,"3,92","981,98","1016,32",0,-54,,,
19.12.2023 20:35:14,"93,8","3,44",,"4,04","981,55","1015,87",0,-55,,,
19.12.2023 21:03:28,"93,4","3,56",,"4,19","981,33","1015,65",0,-54,,,
19.12.2023 21:31:43,"93,7","3,69",,"4,34","981,37","1015,69",0,-52,,,
19.12.2023 21:59:56,"93,6","3,63",,"4,28","981,18","1015,49",0,-52,,,
19.12.2023 22:28:15,"93,7","3,63",,"4,37",981,"1015,31",0,-50,,,
19.12.2023 22:56:26,"93,7","3,63",,"4,27","980,59","1014,88",0,-52,,,
19.12.2023 23:24:41,"93,6","3,56",,"4,31","980,56","1014,85",0,-52,,,
19.12.2023 23:52:57,"93,4","3,56",,"4,35","980,43","1014,72",0,-53,,,
20.12.2023 00:21:12,"93,6","3,63",,"4,3","980,22","1014,49",0,-52,,,
20.12.2023 00:49:27,"93,6","3,63",,"4,26","980,12","1014,4",0,-52,,,
20.12.2023 01:17:44,"93,6","3,56",,"4,45","980,4","1014,68",0,-50,,,
20.12.2023 01:46:01,"93,4","3,56",,"4,34","980,1","1014,37",0,-52,,,
20.12.2023 02:14:15,"93,5","3,56",,"4,35","980,02","1014,29",0,-53,,,
20.12.2023 02:42:32,"93,6","3,63",,"4,43","979,75","1014,01",0,-52,,,
20.12.2023 03:10:44,"93,7","3,75",,"4,52","980,02","1014,29",0,-52,,,
20.12.2023 03:39:01,"93,9","3,81",,"4,63","979,83","1014,1",0,-52,,,
20.12.2023 04:07:19,"93,9","3,94",,"4,66","980,08","1014,36",0,-52,,,
20.12.2023 04:35:32,"93,8","4,19",,"4,73","980,11","1014,39",0,-57,,,
20.12.2023 05:03:49,"94,3","4,31",,"4,97","980,41","1014,7",0,-57,,,
20.12.2023 05:32:05,"94,4","4,25",,"4,98","980,69","1014,98",0,-57,,,
20.12.2023 06:00:22,"94,4","4,56",,"5,22","980,7",1015,0,-53,,,
20.12.2023 06:28:36,"94,5","4,75",,"5,38","981,14","1015,45",0,-57,,,
20.12.2023 06:56:49,"94,6","4,5",,"5,3","981,43","1015,75",0,-57,,,
20.12.2023 07:25:02,"94,4","3,88",,5,"981,67","1015,99",0,-56,,,
20.12.2023 07:53:12,"93,5","3,13",,"4,35","981,66","1015,99","1,36",-58,,,
20.12.2023 08:21:26,"92,3","3,44",,"4,49","981,88","1016,22","8,33",-59,,,
20.12.2023 08:49:43,"92,4","3,69",,"4,49","982,01","1016,35","223,33",-56,,,
20.12.2023 09:18:02,"91,3","4,19",,"5,57","982,41","1016,76",465,-53,,,
20.12.2023 09:46:39,"88,9","6,13",,"8,91","982,32","1016,67","803,33",-58,,,
20.12.2023 10:14:43,78,"6,13",,"7,85","982,09","1016,43","1478,33",-56,,,
20.12.2023 10:42:54,"84,5","5,88",,"8,2","982,43","1016,79",525,-55,,,
20.12.2023 11:10:56,"80,9","4,69",,"6,19","982,4","1016,75","158,33",-56,,,
20.12.2023 11:39:06,"87,5","4,69",,"5,65","982,29","1016,64","81,67",-56,,,
20.12.2023 12:07:21,"88,6","4,88",,"5,83","981,91","1016,25","133,33",-56,,,
20.12.2023 12:35:37,"87,8","5,06",,"5,9","981,83","1016,16","168,33",-57,,,
20.12.2023 13:03:53,"87,5","5,13",,"6,08","981,79","1016,13",145,-57,,,
20.12.2023 13:32:07,"86,2","4,75",,"5,55","981,86","1016,2",65,-57,,,
20.12.2023 14:00:27,"87,5","5,56",,"6,51","981,35","1015,66",640,-58,,,
20.12.2023 14:28:44,"85,5",5,,"6,18","980,84","1015,13",460,-57,,,
20.12.2023 14:56:56,"85,4","5,25",,"6,19","980,67","1014,96","276,67",-61,,,
20.12.2023 15:25:10,85,"5,19",,"6,1","980,65","1014,95","101,67",-55,,,
20.12.2023 15:53:27,"85,5","5,13",,"5,98","980,7","1014,99","33,33",-56,,,
20.12.2023 16:21:37,"85,6","5,13",,"5,99","980,41","1014,69","15,51",-59,,,
20.12.2023 16:49:54,"86,6","5,25",,"6,04","980,24","1014,51","0,45",-54,,,
20.12.2023 17:18:07,"86,6","5,13",,"5,88","980,26","1014,53",0,-52,,,
20.12.2023 17:46:24,"87,7","5,25",,"6,02","980,28","1014,56",0,-53,,,
20.12.2023 18:14:39,88,"5,25",,"5,88","979,9","1014,16",0,-51,,,
20.12.2023 18:42:54,"89,1","5,19",,"5,97","980,22","1014,49",0,-54,,,
20.12.2023 19:11:07,"90,1","5,19",,"5,87",980,"1014,27",0,-53,,,
20.12.2023 19:39:22,"90,9","5,19",,"5,94","979,87","1014,13",0,-53,,,
20.12.2023 20:07:34,"91,2","5,19",,"5,91","979,49","1013,74",0,-55,,,
20.12.2023 20:35:50,"91,3","5,19",,"5,89","979,42","1013,67",0,-53,,,
20.12.2023 21:04:04,"91,1","5,25",,"5,91","979,24","1013,49",0,-53,,,
20.12.2023 21:32:15,"91,2","5,25",,"5,89","978,69","1012,92",0,-52,,,
20.12.2023 22:00:29,92,"5,25",,"5,89","978,69","1012,92",0,-54,,,
20.12.2023 22:28:43,"92,9","5,25",,"5,91","978,27","1012,48",0,-48,,,
20.12.2023 22:56:57,"93,1","5,31",,"5,94","977,77","1011,96",0,-51,,,
20.12.2023 23:25:11,"93,3","5,31",,"5,97","977,58","1011,76",0,-56,,,
20.12.2023 23:53:26,"93,4","5,5",,"6,06","977,15","1011,32",0,-55,,,
21.12.2023 00:21:42,"93,2","5,5",,"6,07","976,76","1010,92",0,-56,,,
21.12.2023 00:49:59,"93,4","5,44",,"6,01","976,37","1010,52",0,-56,,,
21.12.2023 01:18:16,"93,4","5,56",,"6,09","976,16","1010,3",0,-51,,,
21.12.2023 01:46:32,"93,8","5,63",,"6,18","975,55","1009,66",0,-56,,,
21.12.2023 02:14:47,"93,9","5,69",,"6,22","975,2","1009,3",0,-56,,,
21.12.2023 02:43:03,"93,9","5,81",,"6,34","974,92","1009,01",0,-55,,,
21.12.2023 03:11:17,"93,9","5,75",,"6,34","974,49","1008,57",0,-55,,,
21.12.2023 03:39:31,"94,1","5,88",,"6,44","973,84","1007,9",0,-56,,,
21.12.2023 04:07:51,"94,1","5,94",,"6,48","973,53","1007,57",0,-55,,,
21.12.2023 04:36:02,"94,2",6,,"6,48","973,1","1007,13",0,-57,,,
21.12.2023 05:04:18,"94,3","6,13",,"6,65","972,66","1006,67",0,-54,,,
21.12.2023 05:32:35,"94,6","6,25",,"6,78","972,54","1006,55",0,-54,,,
21.12.2023 06:00:48,"94,6","6,31",,"6,85","972,07","1006,07",0,-53,,,
21.12.2023 06:29:00,"94,5","6,38",,"6,89","971,47","1005,44",0,-52,,,
21.12.2023 06:57:18,"94,6","6,5",,"6,98","970,89","1004,84",0,-53,,,
21.12.2023 07:25:31,"94,5","6,56",,"7,06","970,74","1004,68",0,-52,,,
21.12.2023 07:53:44,"94,7","6,63",,"7,11","970,13","1004,05",0,-53,,,
21.12.2023 08:21:59,"94,8","6,69",,"7,18","969,96","1003,88","3,85",-53,,,
21.12.2023 08:50:18,"94,8","6,81",,"7,33","969,61","1003,51","11,67",-53,,,
21.12.2023 09:18:33,"94,7",7,,"7,51","969,6","1003,51","23,33",-56,,,
21.12.2023 09:46:51,"94,4","7,25",,"7,69","969,05","1002,93","108,75",-53,,,
21.12.2023 10:15:06,"94,5","7,31",,"7,82","968,49","1002,35","76,67",-55,,,
21.12.2023 10:43:22,"94,4","7,69",,"8,19","968,28","1002,14","138,33",-55,,,
21.12.2023 11:11:39,"93,9","7,69",,"8,22","967,1","1000,92","103,33",-57,,,
21.12.2023 11:39:57,94,"7,81",,"8,3","966,98","1000,79","61,67",-55,,,
21.12.2023 12:08:12,"94,1","7,94",,"8,51","965,91","999,69","162,08",-54,,,
21.12.2023 12:36:30,"94,1","8,06",,"8,61","965,56","999,33","88,33",-54,,,
21.12.2023 13:04:47,"94,1","8,25",,"8,81","964,9","998,64","106,67",-55,,,
21.12.2023 13:33:02,94,"8,38",,"8,94","964,82","998,56",90,-55,,,
21.12.2023 14:01:16,"94,2","8,44",,"8,98","964,48","998,21","161,67",-56,,,
21.12.2023 14:29:35,"94,3","8,63",,"9,12","963,95","997,66","56,67",-53,,,
21.12.2023 14:57:53,"94,4","8,75",,"9,31","964,08","997,79","53,33",-54,,,
21.12.2023 15:26:09,"94,5","8,88",,"9,42","963,87","997,57","31,67",-55,,,
21.12.2023 15:54:26,"94,7","8,81",,"9,42","963,56","997,25",5,-55,,,
21.12.2023 16:22:44,"94,9","8,88",,"9,5","964,02","997,73","4,64",-55,,,
21.12.2023 16:50:59,95,"8,88",,"9,48","963,7","997,4",0,-54,,,
21.12.2023 17:19:12,"94,6","8,63",,"9,29","963,69","997,39",0,-55,,,
21.12.2023 17:47:27,"94,4","8,44",,"8,99","963,83","997,54",0,-58,,,
21.12.2023 18:15:47,"94,4","8,56",,"9,13","963,58","997,27",0,-61,,,
21.12.2023 18:44:01,94,"8,5",,"9,05","964,4","998,13",0,-59,,,
21.12.2023 19:12:08,"94,5","7,06",,"7,96","964,44","998,17",0,-60,,,
21.12.2023 19:40:25,"91,2","6,94",,"7,69","964,71","998,44",0,-60,,,
21.12.2023 20:08:38,"91,2","6,94",,"7,42","964,83","998,57",0,-59,,,
21.12.2023 20:36:55,"91,7","7,06",,"7,63","965,11","998,86",0,-60,,,
21.12.2023 21:05:11,"90,8","7,63",,"7,91","964,81","998,55",0,-59,,,
21.12.2023 21:33:31,"89,6","7,25",,"8,21","965,59","999,35",0,-60,,,
21.12.2023 22:01:44,"91,2","7,69",,"8,02","965,9","999,68",0,-59,,,
21.12.2023 22:30:03,89,"7,63",,"8,08","966,27","1000,06",0,-55,,,
21.12.2023 22:58:18,87,"7,44",,"8,01","966,52","1000,32",0,-55,,,
21.12.2023 23:26:32,"84,8","7,38",,"7,98","966,9","1000,71",0,-59,,,
21.12.2023 23:54:44,"85,5","7,69",,"8,19","967,24","1001,06",0,-60,,,
22.12.2023 00:22:57,"84,3","7,5",,"8,02","967,64","1001,48",0,-60,,,
22.12.2023 00:51:13,"83,9","6,81",,"7,53","967,42","1001,25",0,-57,,,
22.12.2023 01:19:23,"83,8","6,81",,"7,49","967,64","1001,48",0,-60,,,
22.12.2023 01:47:41,"84,3",7,,"7,56","967,41","1001,24",0,-60,,,
22.12.2023 02:15:54,"82,8","6,63",,"7,34","967,41","1001,23",0,-59,,,
22.12.2023 02:44:12,"81,8","6,94",,"7,37","967,93","1001,77",0,-60,,,
22.12.2023 03:12:24,79,"6,56",,"7,35","968,04","1001,89",0,-59,,,
22.12.2023 03:40:37,"84,7","6,81",,"7,16","967,81","1001,65",0,-60,,,
22.12.2023 04:08:53,"82,9","7,19",,"7,57","967,72","1001,56",0,-60,,,
22.12.2023 04:37:07,"78,3","6,31",,"6,89","968,11","1001,96",0,-59,,,
22.12.2023 05:05:27,85,"6,56",,"7,05","968,44","1002,31",0,-60,,,
22.12.2023 05:33:41,"83,7","6,56",,"7,15","968,22","1002,08",0,-60,,,
22.12.2023 06:01:54,"83,6","6,63",,"7,06","968,68","1002,55",0,-60,,,
22.12.2023 06:30:13,"84,8","7,06",,"7,44","968,76","1002,63",0,-54,,,
22.12.2023 06:58:28,"80,9",7,,"7,63","968,88","1002,76",0,-54,,,
22.12.2023 07:26:43,"79,5","6,88",,"7,37","969,32","1003,21",0,-58,,,
22.12.2023 07:54:59,"76,7","6,69",,"7,23","969,76","1003,67",0,-59,,,
22.12.2023 08:23:17,79,"6,56",,"7,2","969,9","1003,82","4,3",-59,,,
22.12.2023 08:51:30,"82,5","6,69",,"7,24","970,26","1004,18","17,66",-58,,,
22.12.2023 09:19:47,"85,1",7,,"7,51","970,11","1004,03","38,33",-60,,,
22.12.2023 09:48:02,"84,7","7,19",,"7,84","970,33","1004,26","66,67",-60,,,
22.12.2023 10:16:21,"83,8","7,56",,"8,03","970,24","1004,17","121,67",-57,,,
22.12.2023 10:44:36,"82,5","7,5",,"8,06","970,61","1004,55","53,33",-57,,,
22.12.2023 11:12:50,"82,2","7,69",,"8,3","970,3","1004,23","103,33",-62,,,
22.12.2023 11:41:10,"82,8",8,,"8,56","969,65","1003,56","143,33",-58,,,
22.12.2023 12:09:22,"83,6","7,81",,"8,5","969,56","1003,46","267,08",-59,,,
22.12.2023 12:37:37,"86,8","7,56",,"8,34","969,26","1003,15","86,67",-57,,,
22.12.2023 13:05:51,"89,6","7,63",,"8,2","968,99","1002,88","58,33",-59,,,
22.12.2023 13:34:08,"91,5",8,,"8,54","968,16","1002,01",150,-57,,,
22.12.2023 14:02:28,92,"8,44",,"8,97","968,38","1002,24",120,-59,,,
22.12.2023 14:30:47,"91,2","8,56",,"9,11","968,42","1002,28","66,67",-58,,,
22.12.2023 14:58:59,"90,5","8,63",,"9,26","968,48","1002,35","91,67",-61,,,
22.12.2023 15:27:17,"89,6","8,38",,"9,11","968,77","1002,64",40,-57,,,
22.12.2023 15:55:27,"91,7","8,25",,"8,96","968,83","1002,71","57,08",-59,,,
22.12.2023 16:23:43,"92,4","8,38",,"8,92","969,05","1002,94","9,28",-55,,,
22.12.2023 16:52:00,91,"8,5",,9,"969,36","1003,25","0,11",-60,,,
22.12.2023 17:20:17,"89,8","8,5",,"9,07","969,38","1003,28",0,-59,,,
22.12.2023 17:48:34,"88,7","8,56",,"9,14","969,86","1003,77",0,-60,,,
22.12.2023 18:16:51,"87,6","8,38",,"9,01","970,07","1003,99",0,-56,,,
22.12.2023 18:45:02,"89,1","8,31",,"8,98","970,34","1004,27",0,-59,,,
22.12.2023 19:13:20,"89,7","8,19",,"8,79","970,51","1004,45",0,-59,,,
22.12.2023 19:41:32,"90,6","8,5",,"8,98","970,79","1004,74",0,-55,,,
22.12.2023 20:09:51,"88,5","8,38",,"8,93","971,24","1005,21",0,-56,,,
22.12.2023 20:38:11,"88,6","8,13",,"8,72","971,67","1005,65",0,-55,,,
22.12.2023 21:06:15,"90,5","8,19",,"8,69","971,74","1005,72",0,-58,,,
22.12.2023 21:34:31,"89,4","8,13",,"8,72","972,31","1006,31",0,-59,,,
22.12.2023 22:02:47,87,"7,94",,"8,43","972,51","1006,52",0,-56,,,
22.12.2023 22:30:59,"88,9",8,,"8,54","972,71","1006,72",0,-55,,,
22.12.2023 22:59:17,89,"7,88",,"8,46","973,06","1007,08",0,-59,,,
22.12.2023 23:27:30,"90,3","7,75",,"8,38","972,95","1006,97",0,-54,,,
22.12.2023 23:55:47,91,"7,56",,"8,19","973,5","1007,54",0,-60,,,
23.12.2023 00:24:01,"92,3","7,5",,"8,07","973,63","1007,68",0,-58,,,
23.12.2023 00:52:14,"92,4","7,38",,"7,99","974,02","1008,07",0,-54,,,
23.12.2023 01:20:29,"92,4","7,31",,"7,98","974,31","1008,38",0,-59,,,
23.12.2023 01:48:43,"92,5","7,38",,"7,94","974,64","1008,72",0,-59,,,
23.12.2023 02:16:58,"92,2","7,44",,"7,95","974,86","1008,95",0,-60,,,
23.12.2023 02:45:16,"91,3","7,31",,"7,89","975,23","1009,33",0,-57,,,
23.12.2023 03:13:27,"89,9","7,31",,"7,87","975,27","1009,37",0,-60,,,
23.12.2023 03:41:43,"90,5","7,44",,"7,89","975,32","1009,42",0,-60,,,
23.12.2023 04:09:59,"89,7","7,25",,"7,87","975,4","1009,51",0,-59,,,
23.12.2023 04:38:12,"90,9","7,06",,"7,67","975,28","1009,38",0,-60,,,
23.12.2023 05:06:27,"92,6",7,,"7,59","974,8","1008,88",0,-59,,,
23.12.2023 05:34:41,"92,8","7,13",,"7,67","974,94","1009,03",0,-59,,,
23.12.2023 06:02:59,"92,2","7,13",,"7,64","974,8","1008,89",0,-59,,,
23.12.2023 06:31:13,"91,6","7,06",,"7,63","974,74","1008,83",0,-60,,,
23.12.2023 06:59:27,"91,3","7,25",,"7,69","974,56","1008,64",0,-59,,,
23.12.2023 07:27:45,"90,1","7,25",,"7,74","974,58","1008,66",0,-59,,,
23.12.2023 07:56:02,"89,5","7,25",,"7,73","974,51","1008,59",0,-58,,,
23.12.2023 08:24:14,"88,5","7,19",,"7,7","974,32","1008,39","2,15",-57,,,
23.12.2023 08:52:31,"88,5","7,13",,"7,64","974,73","1008,81","12,56",-59,,,
23.12.2023 09:20:40,"89,5","6,88",,"7,39","974,93","1009,03","18,33",-58,,,
23.12.2023 09:48:56,"92,5","6,88",,"7,44","974,97","1009,06","36,67",-60,,,
23.12.2023 10:17:15,"93,2","7,06",,"7,63","975,05","1009,15","107,08",-59,,,
23.12.2023 10:45:33,"93,4","7,19",,"7,67","975,1","1009,2","81,67",-60,,,
23.12.2023 11:13:49,"93,1","7,13",,"7,71","975,12","1009,22","108,33",-59,,,
23.12.2023 11:42:06,"93,4","7,31",,"7,86","975,09","1009,18","58,33",-55,,,
23.12.2023 12:10:21,"93,3","7,38",,"7,91","975,04","1009,13","78,33",-54,,,
23.12.2023 12:38:41,"93,3","7,5",,"8,12","975,28","1009,38",145,-51,,,
23.12.2023 13:06:57,"92,9","7,69",,"8,32","975,17","1009,27","253,33",-55,,,
23.12.2023 13:35:16,"92,8","7,63",,"8,3","975,16","1009,26","163,33",-56,,,
23.12.2023 14:03:28,92,"7,63",,"8,32","975,18","1009,29","141,67",-55,,,
23.12.2023 14:31:44,"91,9","7,69",,"8,34","975,3","1009,41","103,33",-53,,,
23.12.2023 14:59:59,"91,6","7,44",,"8,15","975,6","1009,72","38,33",-55,,,
23.12.2023 15:28:16,"92,5","7,56",,"8,2","975,78","1009,9","107,92",-55,,,
23.12.2023 15:56:51,"92,5","7,63",,"8,23","976,18","1010,31","13,33",-53,,,
23.12.2023 16:24:44,"91,4","7,44",,"8,05","976,25","1010,39","13,02",-55,,,
23.12.2023 16:53:02,"92,4","7,44",,"8,01","976,2","1010,34","0,91",-55,,,
23.12.2023 17:21:21,"92,8","7,56",,"8,07","976,31","1010,45",0,-54,,,
23.12.2023 17:49:32,93,"7,63",,"8,15","976,4","1010,55",0,-53,,,
23.12.2023 18:17:47,"92,2","7,63",,"8,2","976,78","1010,93",0,-55,,,
23.12.2023 18:46:06,"92,2","7,63",,"8,21","977,01","1011,18",0,-55,,,
23.12.2023 19:14:19,"92,5","7,63",,"8,2","977,13","1011,29",0,-56,,,
23.12.2023 19:42:34,"92,8","7,75",,"8,28","977,26","1011,43",0,-53,,,
23.12.2023 20:10:47,"92,5","7,88",,"8,45","977,17","1011,34",0,-53,,,
23.12.2023 20:39:03,"91,8","7,88",,"8,41","977,27","1011,44",0,-55,,,
23.12.2023 21:07:19,"91,9","7,75",,"8,41","977,23","1011,4",0,-54,,,
23.12.2023 21:35:39,"92,8","7,81",,"8,38","977,35","1011,53",0,-54,,,
23.12.2023 22:03:45,93,"7,81",,"8,33","977,12","1011,29",0,-54,,,
23.12.2023 22:32:00,"91,9","7,81",,"8,34","977,18","1011,35",0,-53,,,
23.12.2023 23:00:14,"92,4",8,,"8,39","977,01","1011,17",0,-53,,,
23.12.2023 23:28:32,"91,2","8,13",,"8,56","977,2","1011,37",0,-60,,,
23.12.2023 23:56:43,"89,1","8,25",,"8,72","977,29","1011,46",0,-60,,,
24.12.2023 00:25:00,"87,7","8,38",,"8,79","977,3","1011,48",0,-58,,,
24.12.2023 00:53:15,"86,8","8,25",,"8,79","977,32","1011,49",0,-60,,,
24.12.2023 01:21:31,"87,2","8,06",,"8,68","977,24","1011,42",0,-59,,,
24.12.2023 01:49:45,"88,3","8,25",,"8,62","976,72","1010,87",0,-60,,,
24.12.2023 02:17:59,"87,3","8,06",,"8,61","976,84",1011,0,-60,,,
24.12.2023 02:46:14,"88,3","7,81",,"8,39","977,04","1011,21",0,-56,,,
24.12.2023 03:14:28,"89,7","7,56",,"8,17","977,2","1011,37",0,-58,,,
24.12.2023 03:42:44,"91,6","7,69",,"8,16","977,04","1011,2",0,-59,,,
24.12.2023 04:11:02,"91,3","7,81",,"8,31","976,64","1010,79",0,-60,,,
24.12.2023 04:39:18,89,"7,69",,"8,25","976,36","1010,5",0,-60,,,
24.12.2023 05:07:29,"89,7","7,63",,"8,16","976,12","1010,26",0,-59,,,
24.12.2023 05:35:44,"89,9","7,56",,"8,07","975,9","1010,03",0,-59,,,
24.12.2023 06:03:58,"90,9","7,38",,"7,96","975,55","1009,66",0,-60,,,
24.12.2023 06:32:13,"92,3","7,38",,"7,92","975,74","1009,86",0,-59,,,
24.12.2023 07:00:31,"93,2","7,56",,"8,06","975,58","1009,7",0,-56,,,
24.12.2023 07:28:44,"92,5","7,44",,"7,96","975,1","1009,2",0,-59,,,
24.12.2023 07:56:58,"93,6","7,38",,"7,92","975,27","1009,38",0,-60,,,
24.12.2023 08:25:17,"94,1","7,44",,"7,96","974,89","1008,98","4,53",-59,,,
24.12.2023 08:53:30,"94,3","7,63",,"8,12","975,37","1009,48","11,09",-60,,,
24.12.2023 09:21:48,"94,4","7,75",,"8,28","975,35","1009,46","18,33",-61,,,
24.12.2023 09:49:59,"94,2","7,88",,"8,42","975,16","1009,26","41,67",-58,,,
24.12.2023 10:18:17,94,"8,06",,"8,56","975,31","1009,41",55,-61,,,
24.12.2023 10:46:35,"93,7","8,19",,"8,72","975,27","1009,38","78,33",-57,,,
24.12.2023 11:14:55,"93,4","8,38",,"8,96","975,39","1009,5","173,33",-58,,,
24.12.2023 11:43:09,"93,2","8,38",,"8,98","975,09","1009,19","131,67",-56,,,
24.12.2023 12:11:28,93,"8,44",,"9,01","974,9",1009,175,-56,,,
24.12.2023 12:39:44,"93,4","8,81",,"9,38","974,68","1008,76",220,-56,,,
24.12.2023 13:07:59,93,"8,75",,"9,31","974,59","1008,67","166,67",-57,,,
24.12.2023 13:36:14,93,"8,81",,"9,37","974,35","1008,42","146,67",-55,,,
24.12.2023 14:04:31,"92,9","8,81",,"9,37",974,"1008,06","96,67",-56,,,
24.12.2023 14:32:46,"92,9","8,81",,"9,33","974,14","1008,2","98,33",-56,,,
24.12.2023 15:01:05,93,"8,75",,"9,3","974,32","1008,39","91,67",-56,,,
24.12.2023 15:29:18,"93,6","8,69",,"9,25","974,32","1008,39",50,-56,,,
24.12.2023 15:57:33,"93,4","8,69",,"9,22","974,42","1008,5","18,33",-56,,,
24.12.2023 16:25:50,"93,7","8,63",,"9,08","974,72","1008,81","8,15",-55,,,
24.12.2023 16:54:03,94,"8,44",,"8,95","974,73","1008,81","0,11",-56,,,
24.12.2023 17:22:16,"94,1","8,44",,"8,98","974,74","1008,83",0,-56,,,
24.12.2023 17:50:30,"94,3","8,38",,"8,87","974,44","1008,52",0,-53,,,
24.12.2023 18:18:48,"94,1","8,44",,"8,9","974,47","1008,54",0,-53,,,
24.12.2023 18:47:02,"94,1","8,63",,9,"974,38","1008,46",0,-58,,,
24.12.2023 19:15:21,"93,5","8,88",,"9,2","974,36","1008,43",0,-57,,,
24.12.2023 19:43:38,"90,8","8,88",,"9,29","974,91",1009,0,-60,,,
24.12.2023 20:11:54,"89,5","8,88",,"9,29","975,04","1009,14",0,-58,,,
24.12.2023 20:40:11,"88,5","8,88",,"9,22","974,82","1008,91",0,-57,,,
24.12.2023 21:08:26,"87,5","8,75",,"9,22","974,97","1009,07",0,-58,,,
24.12.2023 21:36:42,"86,6",9,,"9,35","975,02","1009,12",0,-58,,,
24.12.2023 22:04:58,"85,1","9,06",,"9,42","975,29","1009,39",0,-58,,,
24.12.2023 22:33:13,84,"9,13",,"9,55","975,27","1009,38",0,-56,,,
24.12.2023 23:01:29,"82,6","9,13",,"9,57","975,48","1009,59",0,-59,,,
24.12.2023 23:29:45,"82,2","8,88",,"9,4","975,8","1009,92",0,-57,,,
24.12.2023 23:58:01,"84,2","8,31",,"8,99","975,92","1010,05",0,-56,,,
25.12.2023 00:26:13,"88,2","7,81",,"8,46","975,94","1010,07",0,-53,,,
25.12.2023 00:54:29,"92,4","7,75",,"8,34","975,71","1009,83",0,-57,,,
25.12.2023 01:22:43,"93,2","7,75",,"8,34","975,67","1009,79",0,-58,,,
25.12.2023 01:51:02,"93,4","7,81",,"8,32","975,55","1009,66",0,-58,,,
25.12.2023 02:19:15,"93,6","7,69",,"8,18","975,43","1009,54",0,-58,,,
25.12.2023 02:47:30,94,"7,69",,"8,16","975,94","1010,07",0,-58,,,
25.12.2023 03:15:48,"94,1","7,69",,"8,2","976,04","1010,17",0,-57,,,
25.12.2023 03:44:01,"94,3","7,56",,"8,12","976,06","1010,19",0,-58,,,
25.12.2023 04:12:17,"94,3","7,5",,"8,05","975,89","1010,02",0,-58,,,
25.12.2023 04:40:27,"94,6","7,56",,"8,05","975,71","1009,83",0,-56,,,
25.12.2023 05:08:45,"94,6","7,63",,"8,13","976,02","1010,15",0,-58,,,
25.12.2023 05:36:59,"94,2","7,5",,"8,1","975,8","1009,92",0,-58,,,
25.12.2023 06:05:17,"94,3","7,5",,"7,98","975,76","1009,88",0,-58,,,
25.12.2023 06:33:28,"93,8","7,5",,"7,98","975,55","1009,66",0,-58,,,
25.12.2023 07:01:42,"93,9","7,5",,"7,94","975,84","1009,96",0,-52,,,
25.12.2023 07:30:00,94,"7,44",,"7,96","975,99","1010,12",0,-51,,,
25.12.2023 07:58:15,"94,1","7,44",,"7,96","976,25","1010,38",0,-53,,,
25.12.2023 08:26:27,"94,1","7,38",,"7,89","976,47","1010,61","7,36",-54,,,
25.12.2023 08:54:45,"94,3","7,44",,"7,96","976,76","1010,92","18,33",-53,,,
25.12.2023 09:23:01,"94,5","7,5",,"8,09","976,81","1010,97","58,33",-55,,,
25.12.2023 09:51:17,"94,5","7,75",,"8,26","976,83","1010,99","163,33",-55,,,
25.12.2023 10:19:34,"94,2","7,81",,"8,45","977,13","1011,3","320,83",-54,,,
25.12.2023 10:47:52,"93,8","7,88",,"8,48","977,3","1011,47","231,67",-55,,,
25.12.2023 11:16:09,"93,9",8,,"8,61","977,34","1011,51","374,17",-55,,,
25.12.2023 11:44:25,"93,2","8,06",,"8,68","977,09","1011,26",290,-56,,,
25.12.2023 12:12:43,"93,2","8,31",,"8,98","977,03","1011,2","326,67",-56,,,
25.12.2023 12:41:00,"92,9","8,19",,"8,83","976,86","1011,02","241,67",-56,,,
25.12.2023 13:09:14,93,"8,13",,"8,79","976,78","1010,94","191,67",-56,,,
25.12.2023 13:37:29,"93,2","8,06",,"8,73","976,76","1010,92",220,-57,,,
25.12.2023 14:05:44,93,"8,19",,"8,87","976,61","1010,76",245,-56,,,
25.12.2023 14:33:56,"92,6","8,13",,"8,87","976,88","1011,04","138,33",-54,,,
25.12.2023 15:02:14,"92,7","8,25",,"9,01","976,66","1010,82",230,-56,,,
25.12.2023 15:30:25,"93,2","8,19",,"8,87","976,6","1010,75","141,67",-57,,,
25.12.2023 15:58:41,93,"8,19",,"8,81","976,81","1010,97","61,67",-55,,,
25.12.2023 16:26:50,"92,6","8,06",,"8,68","976,82","1010,98",15,-56,,,
25.12.2023 16:55:08,"92,7","8,06",,"8,68","977,02","1011,19","0,79",-56,,,
25.12.2023 17:23:19,"92,8","8,06",,"8,66","977,26","1011,44",0,-56,,,
25.12.2023 17:51:37,"92,8","8,13",,"8,7","977,4","1011,58",0,-53,,,
25.12.2023 18:19:49,"92,8","8,06",,"8,65","977,3","1011,48",0,-55,,,
25.12.2023 18:48:02,"92,9","8,13",,"8,7","977,44","1011,62",0,-55,,,
25.12.2023 19:16:14,"92,7",8,,"8,57","977,35","1011,53",0,-55,,,
25.12.2023 19:44:28,"92,9","7,88",,"8,48","977,28","1011,46",0,-55,,,
25.12.2023 20:12:44,"93,4","7,88",,"8,39","977,25","1011,43",0,-56,,,
25.12.2023 20:41:04,"93,3","7,88",,"8,46","977,16","1011,33",0,-56,,,
25.12.2023 21:09:18,"93,2","7,94",,"8,5","977,29","1011,46",0,-55,,,
25.12.2023 21:37:33,"93,1","7,88",,"8,5","977,14","1011,31",0,-55,,,
25.12.2023 22:05:47,"93,4","7,94",,"8,48","976,98","1011,15",0,-54,,,
25.12.2023 22:34:01,"93,2","7,94",,"8,49","976,81","1010,97",0,-53,,,
25.12.2023 23:02:15,"93,4",8,,"8,5","976,51","1010,66",0,-50,,,
25.12.2023 23:30:32,93,"7,94",,"8,46","976,6","1010,75",0,-52,,,
25.12.2023 23:58:44,"92,7","7,81",,"8,42","976,5","1010,65",0,-55,,,
26.12.2023 00:26:58,93,"7,75",,"8,3","976,21","1010,34",0,-57,,,
26.12.2023 00:55:10,"93,5","7,75",,"8,26","976,17","1010,31",0,-57,,,
26.12.2023 01:23:25,"93,3","7,69",,"8,2","975,85","1009,98",0,-56,,,
26.12.2023 01:51:41,"93,3","7,69",,"8,2","975,78","1009,9",0,-56,,,
26.12.2023 02:19:55,"93,7","7,56",,"8,06","975,98","1010,11",0,-56,,,
26.12.2023 02:48:11,94,"7,69",,"8,2","976,22","1010,36",0,-56,,,
26.12.2023 03:16:23,"92,8","7,88",,"8,35","976,63","1010,78",0,-51,,,
26.12.2023 03:44:39,"90,2","7,88",,"8,36","976,62","1010,77",0,-55,,,
26.12.2023 04:12:56,"90,1","7,88",,"8,34","976,53","1010,68",0,-56,,,
26.12.2023 04:41:14,"89,5","7,88",,"8,34","976,5","1010,65",0,-55,,,
26.12.2023 05:09:28,"88,6","7,88",,"8,39","976,45","1010,59",0,-56,,,
26.12.2023 05:37:47,"88,4","8,06",,"8,51","976,44","1010,58",0,-56,,,
26.12.2023 06:05:58,"87,2","8,06",,"8,54","976,63","1010,78",0,-55,,,
26.12.2023 06:34:12,"86,9",8,,"8,52","976,93","1011,09",0,-56,,,
26.12.2023 07:02:30,"87,5","7,88",,"8,48","977,4","1011,57",0,-57,,,
26.12.2023 07:30:41,"88,4","7,63",,"8,21","977,69","1011,88",0,-57,,,
26.12.2023 07:58:52,"90,7","7,5",,"8,11","978,06","1012,26",0,-56,,,
26.12.2023 08:27:05,"91,6","7,25",,"7,87","978,23","1012,44","6,23",-53,,,
26.12.2023 08:55:21,"93,2","7,25",,"7,9","978,85","1013,08","6,67",-52,,,
26.12.2023 09:23:33,"93,4","7,25",,"7,85","979,04","1013,27","51,67",-52,,,
26.12.2023 09:51:49,"93,9","7,31",,"7,98","979,3","1013,54","73,33",-51,,,
26.12.2023 10:20:03,94,"7,38",,"8,04","979,69","1013,95","267,92",-52,,,
26.12.2023 10:48:19,"93,8","7,5",,"8,06","980,16","1014,44",135,-53,,,
26.12.2023 11:16:36,"94,1","7,5",,"8,17","980,68","1014,97","78,33",-51,,,
26.12.2023 11:44:54,"93,8","7,69",,"8,36","980,55","1014,84","148,33",-51,,,
26.12.2023 12:13:07,"93,8",8,,"8,63","980,4","1014,68","241,67",-54,,,
26.12.2023 12:41:27,"93,5","8,13",,"8,81","980,8","1015,1","171,67",-51,,,
26.12.2023 13:09:43,"93,1","8,19",,"8,8","980,98","1015,29",85,-52,,,
26.12.2023 13:37:57,"93,1","8,56",,"9,13","980,73","1015,03","338,33",-51,,,
26.12.2023 14:06:15,"92,7","8,44",,"9,35","980,92","1015,23",105,-51,,,
26.12.2023 14:34:29,"92,7","8,44",,"9,18","981,12","1015,42",70,-53,,,
26.12.2023 15:02:47,"92,8","8,56",,"9,32","981,3","1015,61","76,67",-52,,,
26.12.2023 15:31:03,92,"8,5",,"9,27","981,67",1016,65,-51,,,
26.12.2023 15:59:20,"91,7","8,5",,"9,33","981,85","1016,18","18,33",-52,,,
26.12.2023 16:27:33,91,"8,31",,9,"982,33","1016,68",5,-51,,,
26.12.2023 16:55:51,"90,6","8,13",,"8,96","982,41","1016,76","1,36",-51,,,
26.12.2023 17:24:05,"90,3","8,13",,"8,82","982,63",1017,0,-52,,,
26.12.2023 17:52:19,"91,1",8,,"8,9","983,14","1017,52",0,-52,,,
26.12.2023 18:20:35,"91,2","7,88",,"8,72","983,5","1017,89",0,-51,,,
26.12.2023 18:48:45,"91,3","7,69",,"8,49","983,79","1018,2",0,-51,,,
26.12.2023 19:16:59,"92,1","7,56",,"8,32","983,98","1018,39",0,-52,,,
26.12.2023 19:45:12,"91,7","7,63",,"8,41","984,17","1018,58",0,-52,,,
26.12.2023 20:13:32,"91,2","7,25",,"8,41","984,47","1018,9",0,-53,,,
26.12.2023 20:41:44,"90,6","7,25",,"8,31","984,53","1018,95",0,-51,,,
26.12.2023 21:09:56,"91,3","6,5",,"7,78","984,85","1019,29",0,-52,,,
26.12.2023 21:38:08,"91,8","6,25",,"7,48","984,88","1019,32",0,-52,,,
26.12.2023 22:06:18,"92,8",6,,"7,36","985,02","1019,46",0,-50,,,
26.12.2023 22:34:36,"92,9","6,06",,"7,52","985,02","1019,47",0,-52,,,
26.12.2023 23:02:52,"93,1","6,06",,"7,59","985,19","1019,64",0,-52,,,
26.12.2023 23:31:05,"92,7","5,88",,"7,35","985,38","1019,84",0,-50,,,
26.12.2023 23:59:23,"92,2","5,94",,"7,55","985,47","1019,93",0,-50,,,
27.12.2023 00:27:38,"92,3","5,94",,"7,61","985,47","1019,93",0,-55,,,
27.12.2023 00:55:54,"92,2","5,94",,"7,58","985,53","1019,99",0,-55,,,
27.12.2023 01:24:12,"91,8","6,19",,"7,64","985,28","1019,73",0,-56,,,
27.12.2023 01:52:28,"91,7","6,56",,"7,78","985,45","1019,91",0,-55,,,
27.12.2023 02:20:47,"92,2",7,,"7,96","985,43","1019,89",0,-55,,,
27.12.2023 02:49:00,"93,1","7,06",,"8,01","985,56","1020,02",0,-56,,,
27.12.2023 03:17:18,93,"7,06",,"7,96","985,5","1019,96",0,-55,,,
27.12.2023 03:45:29,"92,9",7,,"7,99","985,12","1019,57",0,-50,,,
27.12.2023 04:13:44,"92,6",7,,"7,89","984,89","1019,33",0,-56,,,
27.12.2023 04:42:00,"92,8","6,94",,"7,8","984,68","1019,12",0,-55,,,
27.12.2023 05:10:14,"92,9","6,94",,"7,78","984,53","1018,96",0,-54,,,
27.12.2023 05:38:30,"93,1",7,,"7,84","984,61","1019,04",0,-54,,,
27.12.2023 06:06:48,"93,4","6,94",,"7,8","984,42","1018,84",0,-55,,,
27.12.2023 06:35:02,"93,5","6,88",,"7,74","984,13","1018,55",0,-54,,,
27.12.2023 07:03:16,"93,5","6,94",,"7,63","984,32","1018,74",0,-53,,,
27.12.2023 07:31:33,94,"6,94",,"7,67","984,27","1018,69",0,-55,,,
27.12.2023 07:59:51,"93,9","6,88",,"7,74","984,18","1018,59",0,-55,,,
27.12.2023 08:28:06,"93,9",7,,"7,89","984,46","1018,88","10,87",-54,,,
27.12.2023 08:56:19,"93,8","7,13",,"8,17","984,14","1018,55","101,67",-54,,,
27.12.2023 09:24:40,"92,9","7,63",,"8,71","983,4","1017,78","728,33",-55,,,
27.12.2023 09:53:15,"91,6","8,75",,"11,23","983,45","1017,84","1120,42",-55,,,
27.12.2023 10:21:23,"79,3","9,5",,"10,8","982,99","1017,37","1663,33",-55,,,
27.12.2023 10:49:39,"82,9","8,69",,"10,22","983,14","1017,52","603,33",-55,,,
27.12.2023 11:18:02,"83,5",9,,"10,34","982,88","1017,25","631,67",-56,,,
27.12.2023 11:46:08,"82,5","7,94",,"9,09","982,71","1017,08","171,67",-56,,,
27.12.2023 12:14:21,"84,1","8,06",,"9,13",982,"1016,34","391,67",-55,,,
27.12.2023 12:42:40,"83,8","8,56",,"9,98","981,75","1016,08",2080,-56,,,
27.12.2023 13:11:02,82,"8,69",,"10,31","981,01","1015,32",765,-55,,,
27.12.2023 13:39:11,"79,2","8,63",,"10,02","980,71",1015,"593,33",-56,,,
27.12.2023 14:07:28,"80,1","8,5",,"9,91","980,52","1014,81",410,-54,,,
27.12.2023 14:35:41,"80,6","8,25",,"9,72","980,5","1014,79",275,-56,,,
27.12.2023 15:03:55,"81,8","7,88",,"9,35","980,22","1014,49","213,33",-54,,,
27.12.2023 16:00:23,"83,2","6,88",,"8,61","979,93","1014,2","43,33",-53,,,
27.12.2023 16:28:36,"84,5","6,31",,"8,1","979,61","1013,87","16,98",-55,,,
27.12.2023 16:56:49,"85,6","5,5",,"7,52","979,58","1013,84","0,45",-51,,,
27.12.2023 17:24:58,"86,9","5,06",,"7,13","979,27","1013,51",0,-51,,,
27.12.2023 17:53:12,"87,7","4,69",,"6,75","979,33","1013,58",0,-48,,,
27.12.2023 18:21:17,"88,5","4,25",,"6,34","979,2","1013,44",0,-49,,,
27.12.2023 18:49:29,"88,5","3,81",,"5,95","978,91","1013,14",0,-53,,,
27.12.2023 19:17:41,"88,6","3,38",,"5,62","978,7","1012,93",0,-54,,,
27.12.2023 19:45:57,"88,1","5,56",,"6,03","978,82","1013,05",0,-53,,,
27.12.2023 20:14:18,"82,3","6,5",,"7,01","978,51","1012,73",0,-54,,,
27.12.2023 20:42:36,"73,2","6,75",,"7,12","978,66","1012,89",0,-52,,,
27.12.2023 21:10:52,"71,1","6,44",,"6,87","979,02","1013,25",0,-54,,,
27.12.2023 21:39:07,"71,5","6,13",,"6,79","979,22","1013,46",0,-54,,,
27.12.2023 22:07:20,"71,9","6,69",,"7,05","979,09","1013,33",0,-50,,,
27.12.2023 22:35:36,"68,4","6,88",,"7,3","979,2","1013,44",0,-51,,,
27.12.2023 23:03:49,"68,1","6,75",,"7,21","978,99","1013,22",0,-50,,,
27.12.2023 23:32:01,70,"6,94",,"7,25","978,92","1013,15",0,-50,,,
28.12.2023 00:00:15,"69,2","6,63",,"7,14","978,88","1013,11",0,-47,,,
28.12.2023 00:28:32,"70,5",7,,"7,33","979,4","1013,65",0,-51,,,
28.12.2023 00:56:49,"69,4","6,5",,"7,07","979,32","1013,56",0,-54,,,
28.12.2023 01:25:00,"71,5","6,5",,"6,91","979,51","1013,76",0,-53,,,
28.12.2023 01:53:16,"72,4","6,75",,"7,16","979,54","1013,79",0,-54,,,
28.12.2023 02:21:33,"72,1","7,56",,"7,93","979,51","1013,76",0,-54,,,
28.12.2023 02:49:52,"69,5","8,06",,"8,41","980,11","1014,39",0,-54,,,
28.12.2023 03:18:09,"71,5","7,56",,"8,13","980,14","1014,41",0,-54,,,
28.12.2023 03:46:24,"81,6","6,88",,"7,64","980,28","1014,56",0,-50,,,
28.12.2023 04:14:36,"85,7","6,75",,"7,42","980,19","1014,46",0,-49,,,
28.12.2023 04:42:52,"87,7","6,75",,"7,39","980,07","1014,34",0,-55,,,
28.12.2023 05:11:08,89,"6,94",,"7,53","980,22","1014,5",0,-53,,,
28.12.2023 05:39:26,"89,2","7,06",,"7,69","980,11","1014,39",0,-54,,,
28.12.2023 06:07:37,"90,1","7,38",,"7,87","980,34","1014,62",0,-54,,,
28.12.2023 06:35:54,"90,2","7,5",,"8,02","980,6","1014,89",0,-54,,,
28.12.2023 07:04:11,"90,9","7,63",,"8,09","980,86","1015,16",0,-54,,,
28.12.2023 07:32:26,"90,7","7,56",,"8,07","980,61","1014,9",0,-54,,,
28.12.2023 08:00:39,"90,2","7,69",,"8,14","980,82","1015,12",0,-54,,,
28.12.2023 08:28:56,90,"7,69",,"8,16","980,97","1015,27","6,11",-54,,,
28.12.2023 08:57:12,"89,7","7,69",,"8,21","981,38","1015,7",20,-55,,,
28.12.2023 09:25:26,"89,5","7,75",,"8,3","981,27","1015,58","71,67",-53,,,
28.12.2023 09:53:44,89,"7,81",,"8,34","981,59","1015,92",45,-55,,,
28.12.2023 10:22:04,89,"7,94",,"8,5","981,8","1016,13","51,67",-54,,,
28.12.2023 10:50:24,"88,7","8,38",,"9,1","981,66","1015,98",300,-54,,,
28.12.2023 11:18:40,"86,9","8,94",,"9,47","981,61","1015,93",1440,-55,,,